"Segundo","Hilo","Tipo","Nominal","Porcentaje","MHz","Uso"
"7,9","0,0","P","1300","245","3185","100"
"7,9","0,1","P","1300","245","3185","100"
"7,9","0,10","E","1300","310","4030","100"
"7,9","0,11","E","1300","310","4030","100"
"7,9","0,2","P","1300","245","3185","100"
"7,9","0,3","P","1300","245","3185","100"
"7,9","0,4","E","1300","309","4017","100"
"7,9","0,5","E","1300","309","4017","100"
"7,9","0,6","E","1300","309","4017","100"
"7,9","0,7","E","1300","309","4017","100"
"7,9","0,8","E","1300","310","4030","100"
"7,9","0,9","E","1300","310","4030","100"
"9,2","0,0","P","1300","249","3237","100"
"9,2","0,1","P","1300","249","3237","100"
"9,2","0,10","E","1300","315","4095","100"
"9,2","0,11","E","1300","316","4108","100"
"9,2","0,2","P","1300","249","3237","100"
"9,2","0,3","P","1300","249","3237","100"
"9,2","0,4","E","1300","316","4108","100"
"9,2","0,5","E","1300","316","4108","100"
"9,2","0,6","E","1300","316","4108","100"
"9,2","0,7","E","1300","315","4095","100"
"9,2","0,8","E","1300","316","4108","100"
"9,2","0,9","E","1300","316","4108","100"
"10,5","0,0","P","1300","240","3120","100"
"10,5","0,1","P","1300","240","3120","100"
"10,5","0,10","E","1300","308","4004","100"
"10,5","0,11","E","1300","308","4004","100"
"10,5","0,2","P","1300","240","3120","100"
"10,5","0,3","P","1300","240","3120","100"
"10,5","0,4","E","1300","306","3978","100"
"10,5","0,5","E","1300","306","3978","100"
"10,5","0,6","E","1300","306","3978","100"
"10,5","0,7","E","1300","306","3978","100"
"10,5","0,8","E","1300","308","4004","100"
"10,5","0,9","E","1300","308","4004","100"
"11,7","0,0","P","1300","232","3016","100"
"11,7","0,1","P","1300","232","3016","100"
"11,7","0,10","E","1300","299","3887","100"
"11,7","0,11","E","1300","299","3887","100"
"11,7","0,2","P","1300","232","3016","100"
"11,7","0,3","P","1300","232","3016","100"
"11,7","0,4","E","1300","299","3887","100"
"11,7","0,5","E","1300","299","3887","100"
"11,7","0,6","E","1300","299","3887","100"
"11,7","0,7","E","1300","299","3887","100"
"11,7","0,8","E","1300","299","3887","100"
"11,7","0,9","E","1300","299","3887","100"
"13","0,0","P","1300","229","2977","100"
"13","0,1","P","1300","229","2977","100"
"13","0,10","E","1300","297","3861","100"
"13","0,11","E","1300","297","3861","100"
"13","0,2","P","1300","229","2977","100"
"13","0,3","P","1300","229","2977","100"
"13","0,4","E","1300","295","3835","100"
"13","0,5","E","1300","295","3835","100"
"13","0,6","E","1300","295","3835","100"
"13","0,7","E","1300","295","3835","100"
"13","0,8","E","1300","297","3861","100"
"13","0,9","E","1300","297","3861","100"
"14,2","0,0","P","1300","226","2938","100"
"14,2","0,1","P","1300","226","2938","100"
"14,2","0,10","E","1300","293","3809","100"
"14,2","0,11","E","1300","293","3809","100"
"14,2","0,2","P","1300","227","2951","100"
"14,2","0,3","P","1300","227","2951","100"
"14,2","0,4","E","1300","292","3796","100"
"14,2","0,5","E","1300","292","3796","100"
"14,2","0,6","E","1300","292","3796","100"
"14,2","0,7","E","1300","292","3796","100"
"14,2","0,8","E","1300","293","3809","100"
"14,2","0,9","E","1300","293","3809","100"
"15,5","0,0","P","1300","224","2912","100"
"15,5","0,1","P","1300","224","2912","100"
"15,5","0,10","E","1300","291","3783","100"
"15,5","0,11","E","1300","291","3783","100"
"15,5","0,2","P","1300","224","2912","100"
"15,5","0,3","P","1300","224","2912","100"
"15,5","0,4","E","1300","289","3757","100"
"15,5","0,5","E","1300","289","3757","100"
"15,5","0,6","E","1300","289","3757","100"
"15,5","0,7","E","1300","289","3757","100"
"15,5","0,8","E","1300","291","3783","100"
"15,5","0,9","E","1300","291","3783","100"
"16,8","0,0","P","1300","225","2925","100"
"16,8","0,1","P","1300","225","2925","100"
"16,8","0,10","E","1300","292","3796","100"
"16,8","0,11","E","1300","292","3796","100"
"16,8","0,2","P","1300","225","2925","100"
"16,8","0,3","P","1300","225","2925","100"
"16,8","0,4","E","1300","290","3770","100"
"16,8","0,5","E","1300","290","3770","100"
"16,8","0,6","E","1300","290","3770","100"
"16,8","0,7","E","1300","290","3770","100"
"16,8","0,8","E","1300","292","3796","100"
"16,8","0,9","E","1300","292","3796","100"
"18","0,0","P","1300","220","2860","100"
"18","0,1","P","1300","220","2860","100"
"18","0,10","E","1300","289","3757","100"
"18","0,11","E","1300","289","3757","100"
"18","0,2","P","1300","220","2860","100"
"18","0,3","P","1300","220","2860","100"
"18","0,4","E","1300","289","3757","100"
"18","0,5","E","1300","289","3757","100"
"18","0,6","E","1300","289","3757","100"
"18","0,7","E","1300","289","3757","100"
"18","0,8","E","1300","289","3757","100"
"18","0,9","E","1300","289","3757","100"
"19,3","0,0","P","1300","227","2951","100"
"19,3","0,1","P","1300","227","2951","100"
"19,3","0,10","E","1300","295","3835","100"
"19,3","0,11","E","1300","295","3835","100"
"19,3","0,2","P","1300","227","2951","100"
"19,3","0,3","P","1300","227","2951","100"
"19,3","0,4","E","1300","295","3835","94"
"19,3","0,5","E","1300","295","3835","100"
"19,3","0,6","E","1300","295","3835","100"
"19,3","0,7","E","1300","294","3822","100"
"19,3","0,8","E","1300","295","3835","100"
"19,3","0,9","E","1300","295","3835","100"
"20,5","0,0","P","1300","237","3081","100"
"20,5","0,1","P","1300","237","3081","100"
"20,5","0,10","E","1300","305","3965","100"
"20,5","0,11","E","1300","305","3965","94"
"20,5","0,2","P","1300","237","3081","100"
"20,5","0,3","P","1300","237","3081","100"
"20,5","0,4","E","1300","301","3913","100"
"20,5","0,5","E","1300","301","3913","94"
"20,5","0,6","E","1300","301","3913","100"
"20,5","0,7","E","1300","301","3913","94"
"20,5","0,8","E","1300","305","3965","100"
"20,5","0,9","E","1300","305","3965","88"
"21,7","0,0","P","1300","231","3003","87"
"21,7","0,1","P","1300","231","3003","100"
"21,7","0,10","E","1300","299","3887","93"
"21,7","0,11","E","1300","299","3887","100"
"21,7","0,2","P","1300","231","3003","93"
"21,7","0,3","P","1300","231","3003","100"
"21,7","0,4","E","1300","298","3874","100"
"21,7","0,5","E","1300","298","3874","93"
"21,7","0,6","E","1300","298","3874","93"
"21,7","0,7","E","1300","298","3874","100"
"21,7","0,8","E","1300","299","3887","87"
"21,7","0,9","E","1300","299","3887","93"
"23","0,0","P","1300","230","2990","94"
"23","0,1","P","1300","230","2990","88"
"23","0,10","E","1300","298","3874","100"
"23","0,11","E","1300","298","3874","94"
"23","0,2","P","1300","230","2990","100"
"23","0,3","P","1300","230","2990","100"
"23","0,4","E","1300","296","3848","94"
"23","0,5","E","1300","296","3848","100"
"23","0,6","E","1300","296","3848","88"
"23","0,7","E","1300","296","3848","100"
"23","0,8","E","1300","298","3874","100"
"23","0,9","E","1300","298","3874","100"
"24,2","0,0","P","1300","230","2990","100"
"24,2","0,1","P","1300","229","2977","94"
"24,2","0,10","E","1300","297","3861","94"
"24,2","0,11","E","1300","297","3861","100"
"24,2","0,2","P","1300","229","2977","94"
"24,2","0,3","P","1300","229","2977","94"
"24,2","0,4","E","1300","296","3848","94"
"24,2","0,5","E","1300","296","3848","100"
"24,2","0,6","E","1300","296","3848","100"
"24,2","0,7","E","1300","296","3848","100"
"24,2","0,8","E","1300","297","3861","94"
"24,2","0,9","E","1300","297","3861","100"
"25,5","0,0","P","1300","229","2977","100"
"25,5","0,1","P","1300","229","2977","100"
"25,5","0,10","E","1300","296","3848","100"
"25,5","0,11","E","1300","296","3848","100"
"25,5","0,2","P","1300","229","2977","100"
"25,5","0,3","P","1300","229","2977","100"
"25,5","0,4","E","1300","296","3848","100"
"25,5","0,5","E","1300","296","3848","93"
"25,5","0,6","E","1300","296","3848","100"
"25,5","0,7","E","1300","296","3848","100"
"25,5","0,8","E","1300","297","3861","100"
"25,5","0,9","E","1300","297","3861","100"
"26,7","0,0","P","1300","223","2899","100"
"26,7","0,1","P","1300","223","2899","100"
"26,7","0,10","E","1300","292","3796","100"
"26,7","0,11","E","1300","292","3796","100"
"26,7","0,2","P","1300","223","2899","94"
"26,7","0,3","P","1300","223","2899","100"
"26,7","0,4","E","1300","292","3796","94"
"26,7","0,5","E","1300","292","3796","100"
"26,7","0,6","E","1300","292","3796","100"
"26,7","0,7","E","1300","292","3796","94"
"26,7","0,8","E","1300","292","3796","100"
"26,7","0,9","E","1300","292","3796","100"
"28","0,0","P","1300","226","2938","100"
"28","0,1","P","1300","226","2938","100"
"28","0,10","E","1300","292","3796","100"
"28","0,11","E","1300","292","3796","100"
"28","0,2","P","1300","226","2938","100"
"28","0,3","P","1300","226","2938","100"
"28","0,4","E","1300","292","3796","100"
"28","0,5","E","1300","292","3796","100"
"28","0,6","E","1300","292","3796","100"
"28","0,7","E","1300","292","3796","100"
"28","0,8","E","1300","292","3796","100"
"28","0,9","E","1300","292","3796","100"
"29,2","0,0","P","1300","225","2925","100"
"29,2","0,1","P","1300","225","2925","94"
"29,2","0,10","E","1300","293","3809","100"
"29,2","0,11","E","1300","293","3809","100"
"29,2","0,2","P","1300","225","2925","100"
"29,2","0,3","P","1300","225","2925","100"
"29,2","0,4","E","1300","292","3796","94"
"29,2","0,5","E","1300","292","3796","100"
"29,2","0,6","E","1300","292","3796","94"
"29,2","0,7","E","1300","292","3796","94"
"29,2","0,8","E","1300","293","3809","100"
"29,2","0,9","E","1300","293","3809","100"
"30,5","0,0","P","1300","198","2574","100"
"30,5","0,1","P","1300","198","2574","100"
"30,5","0,10","E","1300","266","3458","100"
"30,5","0,11","E","1300","266","3458","94"
"30,5","0,2","P","1300","198","2574","100"
"30,5","0,3","P","1300","198","2574","94"
"30,5","0,4","E","1300","266","3458","100"
"30,5","0,5","E","1300","266","3458","100"
"30,5","0,6","E","1300","266","3458","94"
"30,5","0,7","E","1300","266","3458","94"
"30,5","0,8","E","1300","266","3458","94"
"30,5","0,9","E","1300","266","3458","94"
"31,7","0,0","P","1300","200","2600","94"
"31,7","0,1","P","1300","200","2600","100"
"31,7","0,10","E","1300","271","3523","100"
"31,7","0,11","E","1300","271","3523","100"
"31,7","0,2","P","1300","200","2600","100"
"31,7","0,3","P","1300","200","2600","100"
"31,7","0,4","E","1300","266","3458","100"
"31,7","0,5","E","1300","266","3458","100"
"31,7","0,6","E","1300","266","3458","94"
"31,7","0,7","E","1300","266","3458","94"
"31,7","0,8","E","1300","271","3523","100"
"31,7","0,9","E","1300","271","3523","100"
"33,1","0,0","P","1300","199","2587","100"
"33,1","0,1","P","1300","199","2587","94"
"33,1","0,10","E","1300","266","3458","100"
"33,1","0,11","E","1300","266","3458","100"
"33,1","0,2","P","1300","199","2587","100"
"33,1","0,3","P","1300","199","2587","100"
"33,1","0,4","E","1300","266","3458","94"
"33,1","0,5","E","1300","266","3458","100"
"33,1","0,6","E","1300","266","3458","100"
"33,1","0,7","E","1300","266","3458","100"
"33,1","0,8","E","1300","266","3458","100"
"33,1","0,9","E","1300","266","3458","100"
"34,3","0,0","P","1300","196","2548","100"
"34,3","0,1","P","1300","196","2548","100"
"34,3","0,10","E","1300","266","3458","100"
"34,3","0,11","E","1300","266","3458","100"
"34,3","0,2","P","1300","196","2548","100"
"34,3","0,3","P","1300","196","2548","100"
"34,3","0,4","E","1300","266","3458","100"
"34,3","0,5","E","1300","266","3458","100"
"34,3","0,6","E","1300","266","3458","100"
"34,3","0,7","E","1300","266","3458","100"
"34,3","0,8","E","1300","265","3445","100"
"34,3","0,9","E","1300","266","3458","100"
"35,6","0,0","P","1300","195","2535","100"
"35,6","0,1","P","1300","195","2535","100"
"35,6","0,10","E","1300","266","3458","100"
"35,6","0,11","E","1300","266","3458","100"
"35,6","0,2","P","1300","196","2548","100"
"35,6","0,3","P","1300","196","2548","100"
"35,6","0,4","E","1300","266","3458","100"
"35,6","0,5","E","1300","266","3458","100"
"35,6","0,6","E","1300","266","3458","100"
"35,6","0,7","E","1300","266","3458","100"
"35,6","0,8","E","1300","266","3458","100"
"35,6","0,9","E","1300","266","3458","100"
"36,8","0,0","P","1300","201","2613","100"
"36,8","0,1","P","1300","201","2613","100"
"36,8","0,10","E","1300","266","3458","100"
"36,8","0,11","E","1300","266","3458","100"
"36,8","0,2","P","1300","200","2600","100"
"36,8","0,3","P","1300","200","2600","100"
"36,8","0,4","E","1300","266","3458","100"
"36,8","0,5","E","1300","266","3458","100"
"36,8","0,6","E","1300","266","3458","100"
"36,8","0,7","E","1300","266","3458","100"
"36,8","0,8","E","1300","266","3458","100"
"36,8","0,9","E","1300","266","3458","100"
"38,1","0,0","P","1300","197","2561","100"
"38,1","0,1","P","1300","197","2561","100"
"38,1","0,10","E","1300","265","3445","100"
"38,1","0,11","E","1300","265","3445","100"
"38,1","0,2","P","1300","197","2561","100"
"38,1","0,3","P","1300","197","2561","100"
"38,1","0,4","E","1300","266","3458","100"
"38,1","0,5","E","1300","266","3458","100"
"38,1","0,6","E","1300","266","3458","94"
"38,1","0,7","E","1300","266","3458","100"
"38,1","0,8","E","1300","265","3445","100"
"38,1","0,9","E","1300","265","3445","100"
"39,3","0,0","P","1300","197","2561","93"
"39,3","0,1","P","1300","197","2561","100"
"39,3","0,10","E","1300","266","3458","100"
"39,3","0,11","E","1300","266","3458","93"
"39,3","0,2","P","1300","197","2561","100"
"39,3","0,3","P","1300","197","2561","100"
"39,3","0,4","E","1300","266","3458","93"
"39,3","0,5","E","1300","266","3458","93"
"39,3","0,6","E","1300","266","3458","100"
"39,3","0,7","E","1300","266","3458","100"
"39,3","0,8","E","1300","266","3458","100"
"39,3","0,9","E","1300","266","3458","93"
"40,6","0,0","P","1300","195","2535","100"
"40,6","0,1","P","1300","195","2535","94"
"40,6","0,10","E","1300","266","3458","100"
"40,6","0,11","E","1300","266","3458","100"
"40,6","0,2","P","1300","195","2535","100"
"40,6","0,3","P","1300","195","2535","88"
"40,6","0,4","E","1300","266","3458","94"
"40,6","0,5","E","1300","266","3458","94"
"40,6","0,6","E","1300","266","3458","100"
"40,6","0,7","E","1300","266","3458","94"
"40,6","0,8","E","1300","266","3458","94"
"40,6","0,9","E","1300","266","3458","100"
"41,8","0,0","P","1300","195","2535","100"
"41,8","0,1","P","1300","195","2535","100"
"41,8","0,10","E","1300","266","3458","100"
"41,8","0,11","E","1300","266","3458","100"
"41,8","0,2","P","1300","195","2535","94"
"41,8","0,3","P","1300","195","2535","94"
"41,8","0,4","E","1300","266","3458","94"
"41,8","0,5","E","1300","266","3458","94"
"41,8","0,6","E","1300","266","3458","100"
"41,8","0,7","E","1300","266","3458","94"
"41,8","0,8","E","1300","266","3458","94"
"41,8","0,9","E","1300","266","3458","100"
"43,1","0,0","P","1300","195","2535","88"
"43,1","0,1","P","1300","195","2535","100"
"43,1","0,10","E","1300","266","3458","94"
"43,1","0,11","E","1300","266","3458","100"
"43,1","0,2","P","1300","195","2535","100"
"43,1","0,3","P","1300","195","2535","94"
"43,1","0,4","E","1300","266","3458","100"
"43,1","0,5","E","1300","266","3458","94"
"43,1","0,6","E","1300","266","3458","94"
"43,1","0,7","E","1300","266","3458","94"
"43,1","0,8","E","1300","266","3458","94"
"43,1","0,9","E","1300","266","3458","100"
"44,4","0,0","P","1300","192","2496","94"
"44,4","0,1","P","1300","192","2496","100"
"44,4","0,10","E","1300","255","3315","100"
"44,4","0,11","E","1300","255","3315","100"
"44,4","0,2","P","1300","192","2496","94"
"44,4","0,3","P","1300","192","2496","100"
"44,4","0,4","E","1300","255","3315","94"
"44,4","0,5","E","1300","255","3315","100"
"44,4","0,6","E","1300","255","3315","100"
"44,4","0,7","E","1300","255","3315","100"
"44,4","0,8","E","1300","255","3315","100"
"44,4","0,9","E","1300","255","3315","94"
"45,6","0,0","P","1300","193","2509","100"
"45,6","0,1","P","1300","193","2509","88"
"45,6","0,10","E","1300","255","3315","94"
"45,6","0,11","E","1300","255","3315","88"
"45,6","0,2","P","1300","193","2509","94"
"45,6","0,3","P","1300","193","2509","100"
"45,6","0,4","E","1300","255","3315","94"
"45,6","0,5","E","1300","255","3315","94"
"45,6","0,6","E","1300","255","3315","82"
"45,6","0,7","E","1300","255","3315","88"
"45,6","0,8","E","1300","255","3315","94"
"45,6","0,9","E","1300","255","3315","100"
"46,9","0,0","P","1300","197","2561","100"
"46,9","0,1","P","1300","197","2561","100"
"46,9","0,10","E","1300","266","3458","100"
"46,9","0,11","E","1300","266","3458","100"
"46,9","0,2","P","1300","197","2561","100"
"46,9","0,3","P","1300","197","2561","100"
"46,9","0,4","E","1300","266","3458","100"
"46,9","0,5","E","1300","266","3458","100"
"46,9","0,6","E","1300","266","3458","100"
"46,9","0,7","E","1300","266","3458","100"
"46,9","0,8","E","1300","266","3458","100"
"46,9","0,9","E","1300","266","3458","100"
"48,2","0,0","P","1300","194","2522","100"
"48,2","0,1","P","1300","194","2522","100"
"48,2","0,10","E","1300","266","3458","100"
"48,2","0,11","E","1300","266","3458","100"
"48,2","0,2","P","1300","194","2522","100"
"48,2","0,3","P","1300","194","2522","100"
"48,2","0,4","E","1300","266","3458","100"
"48,2","0,5","E","1300","266","3458","100"
"48,2","0,6","E","1300","266","3458","100"
"48,2","0,7","E","1300","266","3458","100"
"48,2","0,8","E","1300","266","3458","100"
"48,2","0,9","E","1300","266","3458","100"
"49,4","0,0","P","1300","198","2574","100"
"49,4","0,1","P","1300","198","2574","100"
"49,4","0,10","E","1300","266","3458","100"
"49,4","0,11","E","1300","266","3458","100"
"49,4","0,2","P","1300","198","2574","100"
"49,4","0,3","P","1300","198","2574","100"
"49,4","0,4","E","1300","266","3458","94"
"49,4","0,5","E","1300","266","3458","100"
"49,4","0,6","E","1300","266","3458","100"
"49,4","0,7","E","1300","266","3458","100"
"49,4","0,8","E","1300","266","3458","100"
"49,4","0,9","E","1300","266","3458","100"
"50,7","0,0","P","1300","196","2548","100"
"50,7","0,1","P","1300","196","2548","100"
"50,7","0,10","E","1300","266","3458","100"
"50,7","0,11","E","1300","266","3458","100"
"50,7","0,2","P","1300","196","2548","100"
"50,7","0,3","P","1300","196","2548","100"
"50,7","0,4","E","1300","266","3458","100"
"50,7","0,5","E","1300","266","3458","100"
"50,7","0,6","E","1300","266","3458","100"
"50,7","0,7","E","1300","266","3458","100"
"50,7","0,8","E","1300","266","3458","100"
"50,7","0,9","E","1300","266","3458","100"
"51,9","0,0","P","1300","201","2613","100"
"51,9","0,1","P","1300","201","2613","100"
"51,9","0,10","E","1300","266","3458","94"
"51,9","0,11","E","1300","266","3458","88"
"51,9","0,2","P","1300","201","2613","100"
"51,9","0,3","P","1300","201","2613","100"
"51,9","0,4","E","1300","266","3458","94"
"51,9","0,5","E","1300","266","3458","94"
"51,9","0,6","E","1300","266","3458","94"
"51,9","0,7","E","1300","266","3458","94"
"51,9","0,8","E","1300","266","3458","100"
"51,9","0,9","E","1300","266","3458","88"
"53,2","0,0","P","1300","192","2496","100"
"53,2","0,1","P","1300","192","2496","100"
"53,2","0,10","E","1300","259","3367","100"
"53,2","0,11","E","1300","259","3367","100"
"53,2","0,2","P","1300","192","2496","100"
"53,2","0,3","P","1300","192","2496","100"
"53,2","0,4","E","1300","255","3315","100"
"53,2","0,5","E","1300","255","3315","100"
"53,2","0,6","E","1300","255","3315","100"
"53,2","0,7","E","1300","255","3315","94"
"53,2","0,8","E","1300","259","3367","94"
"53,2","0,9","E","1300","259","3367","94"
"54,5","0,0","P","1300","194","2522","94"
"54,5","0,1","P","1300","194","2522","100"
"54,5","0,10","E","1300","266","3458","100"
"54,5","0,11","E","1300","266","3458","100"
"54,5","0,2","P","1300","194","2522","88"
"54,5","0,3","P","1300","194","2522","100"
"54,5","0,4","E","1300","266","3458","100"
"54,5","0,5","E","1300","266","3458","94"
"54,5","0,6","E","1300","266","3458","100"
"54,5","0,7","E","1300","266","3458","100"
"54,5","0,8","E","1300","266","3458","94"
"54,5","0,9","E","1300","266","3458","100"
"55,7","0,0","P","1300","195","2535","100"
"55,7","0,1","P","1300","195","2535","100"
"55,7","0,10","E","1300","266","3458","100"
"55,7","0,11","E","1300","266","3458","100"
"55,7","0,2","P","1300","195","2535","100"
"55,7","0,3","P","1300","195","2535","100"
"55,7","0,4","E","1300","266","3458","100"
"55,7","0,5","E","1300","266","3458","100"
"55,7","0,6","E","1300","266","3458","100"
"55,7","0,7","E","1300","266","3458","100"
"55,7","0,8","E","1300","266","3458","94"
"55,7","0,9","E","1300","266","3458","100"
"57","0,0","P","1300","201","2613","100"
"57","0,1","P","1300","201","2613","100"
"57","0,10","E","1300","267","3471","100"
"57","0,11","E","1300","267","3471","100"
"57","0,2","P","1300","201","2613","100"
"57","0,3","P","1300","201","2613","100"
"57","0,4","E","1300","267","3471","100"
"57","0,5","E","1300","267","3471","94"
"57","0,6","E","1300","267","3471","100"
"57","0,7","E","1300","267","3471","100"
"57","0,8","E","1300","267","3471","100"
"57","0,9","E","1300","267","3471","100"
"58,2","0,0","P","1300","194","2522","93"
"58,2","0,1","P","1300","194","2522","100"
"58,2","0,10","E","1300","264","3432","100"
"58,2","0,11","E","1300","264","3432","100"
"58,2","0,2","P","1300","194","2522","100"
"58,2","0,3","P","1300","194","2522","100"
"58,2","0,4","E","1300","266","3458","100"
"58,2","0,5","E","1300","266","3458","100"
"58,2","0,6","E","1300","266","3458","100"
"58,2","0,7","E","1300","266","3458","93"
"58,2","0,8","E","1300","265","3445","100"
"58,2","0,9","E","1300","265","3445","100"
"59,5","0,0","P","1300","193","2509","100"
"59,5","0,1","P","1300","193","2509","100"
"59,5","0,10","E","1300","266","3458","100"
"59,5","0,11","E","1300","266","3458","100"
"59,5","0,2","P","1300","193","2509","100"
"59,5","0,3","P","1300","193","2509","100"
"59,5","0,4","E","1300","257","3341","100"
"59,5","0,5","E","1300","257","3341","100"
"59,5","0,6","E","1300","257","3341","100"
"59,5","0,7","E","1300","257","3341","100"
"59,5","0,8","E","1300","266","3458","100"
"59,5","0,9","E","1300","266","3458","100"
"60,7","0,0","P","1300","193","2509","100"
"60,7","0,1","P","1300","193","2509","100"
"60,7","0,10","E","1300","265","3445","100"
"60,7","0,11","E","1300","265","3445","100"
"60,7","0,2","P","1300","193","2509","100"
"60,7","0,3","P","1300","193","2509","100"
"60,7","0,4","E","1300","255","3315","100"
"60,7","0,5","E","1300","255","3315","100"
"60,7","0,6","E","1300","255","3315","100"
"60,7","0,7","E","1300","255","3315","100"
"60,7","0,8","E","1300","265","3445","100"
"60,7","0,9","E","1300","265","3445","100"
"62","0,0","P","1300","193","2509","100"
"62","0,1","P","1300","193","2509","100"
"62","0,10","E","1300","255","3315","100"
"62","0,11","E","1300","255","3315","100"
"62","0,2","P","1300","193","2509","100"
"62","0,3","P","1300","193","2509","100"
"62","0,4","E","1300","255","3315","100"
"62","0,5","E","1300","255","3315","93"
"62","0,6","E","1300","255","3315","100"
"62","0,7","E","1300","255","3315","100"
"62","0,8","E","1300","255","3315","100"
"62","0,9","E","1300","255","3315","100"
"63,2","0,0","P","1300","193","2509","100"
"63,2","0,1","P","1300","193","2509","100"
"63,2","0,10","E","1300","255","3315","100"
"63,2","0,11","E","1300","255","3315","100"
"63,2","0,2","P","1300","193","2509","100"
"63,2","0,3","P","1300","193","2509","100"
"63,2","0,4","E","1300","255","3315","100"
"63,2","0,5","E","1300","255","3315","100"
"63,2","0,6","E","1300","255","3315","100"
"63,2","0,7","E","1300","255","3315","100"
"63,2","0,8","E","1300","255","3315","100"
"63,2","0,9","E","1300","255","3315","100"
"64,5","0,0","P","1300","191","2483","100"
"64,5","0,1","P","1300","191","2483","100"
"64,5","0,10","E","1300","254","3302","100"
"64,5","0,11","E","1300","254","3302","100"
"64,5","0,2","P","1300","191","2483","100"
"64,5","0,3","P","1300","191","2483","100"
"64,5","0,4","E","1300","255","3315","100"
"64,5","0,5","E","1300","255","3315","100"
"64,5","0,6","E","1300","255","3315","100"
"64,5","0,7","E","1300","255","3315","100"
"64,5","0,8","E","1300","254","3302","100"
"64,5","0,9","E","1300","254","3302","100"
"65,7","0,0","P","1300","191","2483","100"
"65,7","0,1","P","1300","191","2483","100"
"65,7","0,10","E","1300","255","3315","94"
"65,7","0,11","E","1300","255","3315","100"
"65,7","0,2","P","1300","191","2483","100"
"65,7","0,3","P","1300","191","2483","100"
"65,7","0,4","E","1300","255","3315","100"
"65,7","0,5","E","1300","255","3315","100"
"65,7","0,6","E","1300","255","3315","100"
"65,7","0,7","E","1300","255","3315","100"
"65,7","0,8","E","1300","255","3315","100"
"65,7","0,9","E","1300","255","3315","100"
"67","0,0","P","1300","192","2496","100"
"67","0,1","P","1300","192","2496","100"
"67","0,10","E","1300","255","3315","100"
"67","0,11","E","1300","255","3315","100"
"67","0,2","P","1300","192","2496","100"
"67","0,3","P","1300","192","2496","100"
"67","0,4","E","1300","255","3315","100"
"67","0,5","E","1300","255","3315","100"
"67","0,6","E","1300","255","3315","100"
"67","0,7","E","1300","255","3315","100"
"67","0,8","E","1300","255","3315","100"
"67","0,9","E","1300","255","3315","100"
"68,2","0,0","P","1300","186","2418","100"
"68,2","0,1","P","1300","186","2418","100"
"68,2","0,10","E","1300","259","3367","100"
"68,2","0,11","E","1300","259","3367","100"
"68,2","0,2","P","1300","186","2418","100"
"68,2","0,3","P","1300","186","2418","100"
"68,2","0,4","E","1300","255","3315","100"
"68,2","0,5","E","1300","255","3315","100"
"68,2","0,6","E","1300","255","3315","100"
"68,2","0,7","E","1300","255","3315","100"
"68,2","0,8","E","1300","259","3367","100"
"68,2","0,9","E","1300","259","3367","100"
"69,5","0,0","P","1300","186","2418","100"
"69,5","0,1","P","1300","186","2418","100"
"69,5","0,10","E","1300","255","3315","100"
"69,5","0,11","E","1300","255","3315","100"
"69,5","0,2","P","1300","186","2418","100"
"69,5","0,3","P","1300","186","2418","100"
"69,5","0,4","E","1300","255","3315","100"
"69,5","0,5","E","1300","255","3315","100"
"69,5","0,6","E","1300","255","3315","100"
"69,5","0,7","E","1300","255","3315","100"
"69,5","0,8","E","1300","255","3315","100"
"69,5","0,9","E","1300","255","3315","100"
"70,7","0,0","P","1300","171","2223","100"
"70,7","0,1","P","1300","171","2223","100"
"70,7","0,10","E","1300","244","3172","100"
"70,7","0,11","E","1300","244","3172","100"
"70,7","0,2","P","1300","171","2223","100"
"70,7","0,3","P","1300","171","2223","100"
"70,7","0,4","E","1300","244","3172","100"
"70,7","0,5","E","1300","244","3172","100"
"70,7","0,6","E","1300","244","3172","100"
"70,7","0,7","E","1300","244","3172","100"
"70,7","0,8","E","1300","244","3172","100"
"70,7","0,9","E","1300","244","3172","100"
"72","0,0","P","1300","177","2301","100"
"72","0,1","P","1300","177","2301","100"
"72","0,10","E","1300","244","3172","100"
"72","0,11","E","1300","244","3172","100"
"72","0,2","P","1300","177","2301","100"
"72","0,3","P","1300","177","2301","100"
"72","0,4","E","1300","244","3172","94"
"72","0,5","E","1300","244","3172","100"
"72","0,6","E","1300","244","3172","100"
"72","0,7","E","1300","244","3172","100"
"72","0,8","E","1300","244","3172","100"
"72","0,9","E","1300","244","3172","100"
"73,2","0,0","P","1300","185","2405","100"
"73,2","0,1","P","1300","185","2405","100"
"73,2","0,10","E","1300","255","3315","100"
"73,2","0,11","E","1300","255","3315","100"
"73,2","0,2","P","1300","185","2405","100"
"73,2","0,3","P","1300","185","2405","100"
"73,2","0,4","E","1300","255","3315","100"
"73,2","0,5","E","1300","255","3315","100"
"73,2","0,6","E","1300","255","3315","100"
"73,2","0,7","E","1300","255","3315","100"
"73,2","0,8","E","1300","255","3315","100"
"73,2","0,9","E","1300","255","3315","100"
"74,5","0,0","P","1300","185","2405","100"
"74,5","0,1","P","1300","185","2405","100"
"74,5","0,10","E","1300","254","3302","100"
"74,5","0,11","E","1300","254","3302","100"
"74,5","0,2","P","1300","185","2405","100"
"74,5","0,3","P","1300","185","2405","100"
"74,5","0,4","E","1300","255","3315","100"
"74,5","0,5","E","1300","255","3315","100"
"74,5","0,6","E","1300","255","3315","100"
"74,5","0,7","E","1300","255","3315","100"
"74,5","0,8","E","1300","254","3302","100"
"74,5","0,9","E","1300","254","3302","100"
"75,7","0,0","P","1300","189","2457","100"
"75,7","0,1","P","1300","189","2457","100"
"75,7","0,10","E","1300","260","3380","100"
"75,7","0,11","E","1300","260","3380","100"
"75,7","0,2","P","1300","189","2457","100"
"75,7","0,3","P","1300","189","2457","100"
"75,7","0,4","E","1300","260","3380","94"
"75,7","0,5","E","1300","260","3380","100"
"75,7","0,6","E","1300","260","3380","100"
"75,7","0,7","E","1300","260","3380","100"
"75,7","0,8","E","1300","260","3380","100"
"75,7","0,9","E","1300","260","3380","100"
"77","0,0","P","1300","173","2249","100"
"77","0,1","P","1300","173","2249","100"
"77","0,10","E","1300","244","3172","100"
"77","0,11","E","1300","244","3172","100"
"77","0,2","P","1300","173","2249","100"
"77","0,3","P","1300","173","2249","100"
"77","0,4","E","1300","244","3172","100"
"77","0,5","E","1300","244","3172","100"
"77","0,6","E","1300","244","3172","100"
"77","0,7","E","1300","244","3172","100"
"77","0,8","E","1300","244","3172","100"
"77","0,9","E","1300","244","3172","100"
"78,2","0,0","P","1300","177","2301","100"
"78,2","0,1","P","1300","177","2301","100"
"78,2","0,10","E","1300","244","3172","100"
"78,2","0,11","E","1300","244","3172","100"
"78,2","0,2","P","1300","177","2301","100"
"78,2","0,3","P","1300","177","2301","100"
"78,2","0,4","E","1300","244","3172","100"
"78,2","0,5","E","1300","244","3172","100"
"78,2","0,6","E","1300","244","3172","100"
"78,2","0,7","E","1300","244","3172","100"
"78,2","0,8","E","1300","244","3172","100"
"78,2","0,9","E","1300","244","3172","100"
"79,5","0,0","P","1300","178","2314","100"
"79,5","0,1","P","1300","178","2314","100"
"79,5","0,10","E","1300","255","3315","100"
"79,5","0,11","E","1300","255","3315","100"
"79,5","0,2","P","1300","178","2314","100"
"79,5","0,3","P","1300","178","2314","100"
"79,5","0,4","E","1300","255","3315","100"
"79,5","0,5","E","1300","255","3315","100"
"79,5","0,6","E","1300","255","3315","100"
"79,5","0,7","E","1300","255","3315","100"
"79,5","0,8","E","1300","255","3315","100"
"79,5","0,9","E","1300","255","3315","100"
"80,7","0,0","P","1300","176","2288","100"
"80,7","0,1","P","1300","176","2288","100"
"80,7","0,10","E","1300","244","3172","100"
"80,7","0,11","E","1300","244","3172","100"
"80,7","0,2","P","1300","176","2288","100"
"80,7","0,3","P","1300","176","2288","100"
"80,7","0,4","E","1300","244","3172","100"
"80,7","0,5","E","1300","244","3172","100"
"80,7","0,6","E","1300","244","3172","100"
"80,7","0,7","E","1300","244","3172","100"
"80,7","0,8","E","1300","244","3172","100"
"80,7","0,9","E","1300","244","3172","100"
"82","0,0","P","1300","178","2314","100"
"82","0,1","P","1300","178","2314","100"
"82","0,10","E","1300","255","3315","100"
"82","0,11","E","1300","255","3315","100"
"82","0,2","P","1300","178","2314","100"
"82","0,3","P","1300","178","2314","100"
"82","0,4","E","1300","255","3315","100"
"82","0,5","E","1300","255","3315","100"
"82","0,6","E","1300","255","3315","100"
"82","0,7","E","1300","255","3315","100"
"82","0,8","E","1300","255","3315","100"
"82","0,9","E","1300","255","3315","100"
"83,2","0,0","P","1300","177","2301","100"
"83,2","0,1","P","1300","177","2301","100"
"83,2","0,10","E","1300","248","3224","100"
"83,2","0,11","E","1300","248","3224","100"
"83,2","0,2","P","1300","177","2301","100"
"83,2","0,3","P","1300","177","2301","100"
"83,2","0,4","E","1300","249","3237","100"
"83,2","0,5","E","1300","249","3237","100"
"83,2","0,6","E","1300","249","3237","100"
"83,2","0,7","E","1300","249","3237","100"
"83,2","0,8","E","1300","248","3224","100"
"83,2","0,9","E","1300","248","3224","100"
"84,5","0,0","P","1300","178","2314","100"
"84,5","0,1","P","1300","178","2314","100"
"84,5","0,10","E","1300","249","3237","100"
"84,5","0,11","E","1300","249","3237","100"
"84,5","0,2","P","1300","178","2314","100"
"84,5","0,3","P","1300","178","2314","100"
"84,5","0,4","E","1300","247","3211","100"
"84,5","0,5","E","1300","247","3211","100"
"84,5","0,6","E","1300","247","3211","100"
"84,5","0,7","E","1300","247","3211","100"
"84,5","0,8","E","1300","249","3237","100"
"84,5","0,9","E","1300","249","3237","100"
"85,7","0,0","P","1300","185","2405","100"
"85,7","0,1","P","1300","185","2405","100"
"85,7","0,10","E","1300","255","3315","100"
"85,7","0,11","E","1300","255","3315","100"
"85,7","0,2","P","1300","185","2405","100"
"85,7","0,3","P","1300","185","2405","100"
"85,7","0,4","E","1300","255","3315","100"
"85,7","0,5","E","1300","255","3315","100"
"85,7","0,6","E","1300","255","3315","100"
"85,7","0,7","E","1300","255","3315","100"
"85,7","0,8","E","1300","255","3315","100"
"85,7","0,9","E","1300","255","3315","100"
"86,9","0,0","P","1300","186","2418","100"
"86,9","0,1","P","1300","186","2418","100"
"86,9","0,10","E","1300","255","3315","100"
"86,9","0,11","E","1300","255","3315","100"
"86,9","0,2","P","1300","186","2418","100"
"86,9","0,3","P","1300","186","2418","100"
"86,9","0,4","E","1300","254","3302","100"
"86,9","0,5","E","1300","254","3302","100"
"86,9","0,6","E","1300","254","3302","100"
"86,9","0,7","E","1300","254","3302","100"
"86,9","0,8","E","1300","255","3315","100"
"86,9","0,9","E","1300","255","3315","100"
"88,1","0,0","P","1300","186","2418","100"
"88,1","0,1","P","1300","186","2418","100"
"88,1","0,10","E","1300","255","3315","100"
"88,1","0,11","E","1300","255","3315","100"
"88,1","0,2","P","1300","186","2418","100"
"88,1","0,3","P","1300","186","2418","100"
"88,1","0,4","E","1300","255","3315","100"
"88,1","0,5","E","1300","255","3315","100"
"88,1","0,6","E","1300","255","3315","100"
"88,1","0,7","E","1300","255","3315","100"
"88,1","0,8","E","1300","255","3315","100"
"88,1","0,9","E","1300","255","3315","100"
"89,4","0,0","P","1300","186","2418","94"
"89,4","0,1","P","1300","185","2405","100"
"89,4","0,10","E","1300","255","3315","100"
"89,4","0,11","E","1300","255","3315","100"
"89,4","0,2","P","1300","186","2418","100"
"89,4","0,3","P","1300","186","2418","100"
"89,4","0,4","E","1300","255","3315","100"
"89,4","0,5","E","1300","255","3315","100"
"89,4","0,6","E","1300","255","3315","100"
"89,4","0,7","E","1300","255","3315","100"
"89,4","0,8","E","1300","255","3315","100"
"89,4","0,9","E","1300","255","3315","100"
"90,6","0,0","P","1300","186","2418","100"
"90,6","0,1","P","1300","186","2418","100"
"90,6","0,10","E","1300","257","3341","100"
"90,6","0,11","E","1300","257","3341","100"
"90,6","0,2","P","1300","186","2418","100"
"90,6","0,3","P","1300","186","2418","100"
"90,6","0,4","E","1300","255","3315","100"
"90,6","0,5","E","1300","255","3315","100"
"90,6","0,6","E","1300","255","3315","100"
"90,6","0,7","E","1300","255","3315","100"
"90,6","0,8","E","1300","257","3341","100"
"90,6","0,9","E","1300","257","3341","100"
"91,9","0,0","P","1300","186","2418","100"
"91,9","0,1","P","1300","186","2418","100"
"91,9","0,10","E","1300","256","3328","100"
"91,9","0,11","E","1300","256","3328","100"
"91,9","0,2","P","1300","186","2418","100"
"91,9","0,3","P","1300","186","2418","100"
"91,9","0,4","E","1300","255","3315","100"
"91,9","0,5","E","1300","255","3315","100"
"91,9","0,6","E","1300","255","3315","100"
"91,9","0,7","E","1300","255","3315","100"
"91,9","0,8","E","1300","256","3328","100"
"91,9","0,9","E","1300","256","3328","100"
"93,1","0,0","P","1300","185","2405","100"
"93,1","0,1","P","1300","185","2405","100"
"93,1","0,10","E","1300","255","3315","100"
"93,1","0,11","E","1300","255","3315","100"
"93,1","0,2","P","1300","185","2405","100"
"93,1","0,3","P","1300","185","2405","100"
"93,1","0,4","E","1300","255","3315","100"
"93,1","0,5","E","1300","255","3315","100"
"93,1","0,6","E","1300","255","3315","100"
"93,1","0,7","E","1300","255","3315","100"
"93,1","0,8","E","1300","255","3315","100"
"93,1","0,9","E","1300","255","3315","100"
"94,4","0,0","P","1300","185","2405","100"
"94,4","0,1","P","1300","185","2405","100"
"94,4","0,10","E","1300","255","3315","100"
"94,4","0,11","E","1300","255","3315","100"
"94,4","0,2","P","1300","185","2405","100"
"94,4","0,3","P","1300","185","2405","100"
"94,4","0,4","E","1300","255","3315","100"
"94,4","0,5","E","1300","255","3315","100"
"94,4","0,6","E","1300","255","3315","100"
"94,4","0,7","E","1300","255","3315","100"
"94,4","0,8","E","1300","255","3315","100"
"94,4","0,9","E","1300","255","3315","100"
"95,6","0,0","P","1300","186","2418","100"
"95,6","0,1","P","1300","186","2418","100"
"95,6","0,10","E","1300","255","3315","100"
"95,6","0,11","E","1300","255","3315","100"
"95,6","0,2","P","1300","186","2418","100"
"95,6","0,3","P","1300","186","2418","100"
"95,6","0,4","E","1300","255","3315","100"
"95,6","0,5","E","1300","255","3315","94"
"95,6","0,6","E","1300","255","3315","100"
"95,6","0,7","E","1300","255","3315","100"
"95,6","0,8","E","1300","255","3315","100"
"95,6","0,9","E","1300","255","3315","100"
"96,9","0,0","P","1300","185","2405","100"
"96,9","0,1","P","1300","185","2405","100"
"96,9","0,10","E","1300","255","3315","100"
"96,9","0,11","E","1300","255","3315","100"
"96,9","0,2","P","1300","185","2405","100"
"96,9","0,3","P","1300","185","2405","100"
"96,9","0,4","E","1300","255","3315","100"
"96,9","0,5","E","1300","255","3315","100"
"96,9","0,6","E","1300","255","3315","100"
"96,9","0,7","E","1300","255","3315","100"
"96,9","0,8","E","1300","255","3315","100"
"96,9","0,9","E","1300","255","3315","100"
"98,1","0,0","P","1300","185","2405","100"
"98,1","0,1","P","1300","185","2405","100"
"98,1","0,10","E","1300","255","3315","100"
"98,1","0,11","E","1300","255","3315","100"
"98,1","0,2","P","1300","185","2405","100"
"98,1","0,3","P","1300","185","2405","100"
"98,1","0,4","E","1300","255","3315","100"
"98,1","0,5","E","1300","255","3315","100"
"98,1","0,6","E","1300","255","3315","100"
"98,1","0,7","E","1300","255","3315","100"
"98,1","0,8","E","1300","255","3315","100"
"98,1","0,9","E","1300","255","3315","100"
"99,3","0,0","P","1300","185","2405","100"
"99,3","0,1","P","1300","185","2405","100"
"99,3","0,10","E","1300","255","3315","100"
"99,3","0,11","E","1300","255","3315","100"
"99,3","0,2","P","1300","185","2405","100"
"99,3","0,3","P","1300","185","2405","100"
"99,3","0,4","E","1300","255","3315","100"
"99,3","0,5","E","1300","255","3315","100"
"99,3","0,6","E","1300","255","3315","94"
"99,3","0,7","E","1300","255","3315","100"
"99,3","0,8","E","1300","255","3315","100"
"99,3","0,9","E","1300","255","3315","100"
"100,6","0,0","P","1300","179","2327","100"
"100,6","0,1","P","1300","179","2327","100"
"100,6","0,10","E","1300","249","3237","100"
"100,6","0,11","E","1300","249","3237","100"
"100,6","0,2","P","1300","179","2327","100"
"100,6","0,3","P","1300","179","2327","100"
"100,6","0,4","E","1300","249","3237","100"
"100,6","0,5","E","1300","249","3237","100"
"100,6","0,6","E","1300","249","3237","100"
"100,6","0,7","E","1300","249","3237","100"
"100,6","0,8","E","1300","249","3237","100"
"100,6","0,9","E","1300","249","3237","100"
"101,9","0,0","P","1300","177","2301","100"
"101,9","0,1","P","1300","177","2301","100"
"101,9","0,10","E","1300","255","3315","100"
"101,9","0,11","E","1300","255","3315","100"
"101,9","0,2","P","1300","178","2314","100"
"101,9","0,3","P","1300","178","2314","100"
"101,9","0,4","E","1300","255","3315","100"
"101,9","0,5","E","1300","255","3315","100"
"101,9","0,6","E","1300","255","3315","100"
"101,9","0,7","E","1300","255","3315","100"
"101,9","0,8","E","1300","255","3315","100"
"101,9","0,9","E","1300","255","3315","100"
"103,1","0,0","P","1300","181","2353","100"
"103,1","0,1","P","1300","181","2353","100"
"103,1","0,10","E","1300","255","3315","100"
"103,1","0,11","E","1300","255","3315","100"
"103,1","0,2","P","1300","181","2353","100"
"103,1","0,3","P","1300","181","2353","100"
"103,1","0,4","E","1300","254","3302","100"
"103,1","0,5","E","1300","254","3302","100"
"103,1","0,6","E","1300","254","3302","100"
"103,1","0,7","E","1300","254","3302","100"
"103,1","0,8","E","1300","255","3315","100"
"103,1","0,9","E","1300","255","3315","100"
"104,3","0,0","P","1300","179","2327","100"
"104,3","0,1","P","1300","179","2327","100"
"104,3","0,10","E","1300","255","3315","100"
"104,3","0,11","E","1300","255","3315","100"
"104,3","0,2","P","1300","179","2327","100"
"104,3","0,3","P","1300","179","2327","100"
"104,3","0,4","E","1300","255","3315","100"
"104,3","0,5","E","1300","255","3315","94"
"104,3","0,6","E","1300","255","3315","100"
"104,3","0,7","E","1300","255","3315","100"
"104,3","0,8","E","1300","255","3315","100"
"104,3","0,9","E","1300","255","3315","100"
"105,6","0,0","P","1300","177","2301","100"
"105,6","0,1","P","1300","177","2301","100"
"105,6","0,10","E","1300","250","3250","100"
"105,6","0,11","E","1300","250","3250","100"
"105,6","0,2","P","1300","178","2314","100"
"105,6","0,3","P","1300","178","2314","100"
"105,6","0,4","E","1300","251","3263","94"
"105,6","0,5","E","1300","251","3263","100"
"105,6","0,6","E","1300","251","3263","100"
"105,6","0,7","E","1300","251","3263","100"
"105,6","0,8","E","1300","250","3250","94"
"105,6","0,9","E","1300","250","3250","100"
"106,8","0,0","P","1300","176","2288","100"
"106,8","0,1","P","1300","176","2288","100"
"106,8","0,10","E","1300","246","3198","100"
"106,8","0,11","E","1300","246","3198","100"
"106,8","0,2","P","1300","176","2288","100"
"106,8","0,3","P","1300","177","2301","100"
"106,8","0,4","E","1300","245","3185","100"
"106,8","0,5","E","1300","245","3185","100"
"106,8","0,6","E","1300","245","3185","100"
"106,8","0,7","E","1300","245","3185","100"
"106,8","0,8","E","1300","246","3198","100"
"106,8","0,9","E","1300","246","3198","100"
"108,1","0,0","P","1300","179","2327","100"
"108,1","0,1","P","1300","179","2327","100"
"108,1","0,10","E","1300","251","3263","100"
"108,1","0,11","E","1300","251","3263","100"
"108,1","0,2","P","1300","179","2327","100"
"108,1","0,3","P","1300","178","2314","100"
"108,1","0,4","E","1300","250","3250","100"
"108,1","0,5","E","1300","250","3250","100"
"108,1","0,6","E","1300","250","3250","100"
"108,1","0,7","E","1300","250","3250","100"
"108,1","0,8","E","1300","251","3263","100"
"108,1","0,9","E","1300","251","3263","100"
"109,3","0,0","P","1300","174","2262","100"
"109,3","0,1","P","1300","174","2262","100"
"109,3","0,10","E","1300","250","3250","100"
"109,3","0,11","E","1300","250","3250","100"
"109,3","0,2","P","1300","175","2275","100"
"109,3","0,3","P","1300","175","2275","100"
"109,3","0,4","E","1300","248","3224","100"
"109,3","0,5","E","1300","248","3224","100"
"109,3","0,6","E","1300","248","3224","100"
"109,3","0,7","E","1300","248","3224","100"
"109,3","0,8","E","1300","250","3250","100"
"109,3","0,9","E","1300","250","3250","100"
"110,6","0,0","P","1300","164","2132","100"
"110,6","0,1","P","1300","164","2132","100"
"110,6","0,10","E","1300","239","3107","100"
"110,6","0,11","E","1300","239","3107","100"
"110,6","0,2","P","1300","163","2119","100"
"110,6","0,3","P","1300","163","2119","100"
"110,6","0,4","E","1300","233","3029","100"
"110,6","0,5","E","1300","233","3029","100"
"110,6","0,6","E","1300","233","3029","100"
"110,6","0,7","E","1300","233","3029","100"
"110,6","0,8","E","1300","239","3107","100"
"110,6","0,9","E","1300","239","3107","100"
"111,8","0,0","P","1300","178","2314","100"
"111,8","0,1","P","1300","178","2314","100"
"111,8","0,10","E","1300","248","3224","100"
"111,8","0,11","E","1300","248","3224","100"
"111,8","0,2","P","1300","178","2314","100"
"111,8","0,3","P","1300","178","2314","100"
"111,8","0,4","E","1300","248","3224","100"
"111,8","0,5","E","1300","248","3224","100"
"111,8","0,6","E","1300","248","3224","100"
"111,8","0,7","E","1300","248","3224","100"
"111,8","0,8","E","1300","248","3224","100"
"111,8","0,9","E","1300","248","3224","100"
"113,1","0,0","P","1300","190","2470","100"
"113,1","0,1","P","1300","190","2470","100"
"113,1","0,10","E","1300","255","3315","100"
"113,1","0,11","E","1300","255","3315","100"
"113,1","0,2","P","1300","190","2470","100"
"113,1","0,3","P","1300","190","2470","100"
"113,1","0,4","E","1300","255","3315","100"
"113,1","0,5","E","1300","255","3315","100"
"113,1","0,6","E","1300","255","3315","100"
"113,1","0,7","E","1300","255","3315","100"
"113,1","0,8","E","1300","255","3315","100"
"113,1","0,9","E","1300","255","3315","100"
"114,4","0,0","P","1300","170","2210","100"
"114,4","0,1","P","1300","170","2210","100"
"114,4","0,10","E","1300","244","3172","100"
"114,4","0,11","E","1300","244","3172","100"
"114,4","0,2","P","1300","170","2210","100"
"114,4","0,3","P","1300","170","2210","100"
"114,4","0,4","E","1300","244","3172","100"
"114,4","0,5","E","1300","244","3172","100"
"114,4","0,6","E","1300","244","3172","100"
"114,4","0,7","E","1300","244","3172","100"
"114,4","0,8","E","1300","244","3172","100"
"114,4","0,9","E","1300","244","3172","100"
"115,6","0,0","P","1300","176","2288","100"
"115,6","0,1","P","1300","176","2288","100"
"115,6","0,10","E","1300","244","3172","100"
"115,6","0,11","E","1300","244","3172","100"
"115,6","0,2","P","1300","176","2288","100"
"115,6","0,3","P","1300","176","2288","100"
"115,6","0,4","E","1300","244","3172","100"
"115,6","0,5","E","1300","244","3172","100"
"115,6","0,6","E","1300","244","3172","100"
"115,6","0,7","E","1300","244","3172","100"
"115,6","0,8","E","1300","244","3172","100"
"115,6","0,9","E","1300","244","3172","100"
"116,9","0,0","P","1300","170","2210","100"
"116,9","0,1","P","1300","170","2210","100"
"116,9","0,10","E","1300","243","3159","100"
"116,9","0,11","E","1300","243","3159","100"
"116,9","0,2","P","1300","170","2210","100"
"116,9","0,3","P","1300","170","2210","100"
"116,9","0,4","E","1300","244","3172","100"
"116,9","0,5","E","1300","244","3172","100"
"116,9","0,6","E","1300","244","3172","100"
"116,9","0,7","E","1300","244","3172","100"
"116,9","0,8","E","1300","243","3159","100"
"116,9","0,9","E","1300","243","3159","100"
"118,1","0,0","P","1300","163","2119","100"
"118,1","0,1","P","1300","163","2119","100"
"118,1","0,10","E","1300","236","3068","100"
"118,1","0,11","E","1300","236","3068","100"
"118,1","0,2","P","1300","163","2119","100"
"118,1","0,3","P","1300","163","2119","100"
"118,1","0,4","E","1300","237","3081","100"
"118,1","0,5","E","1300","237","3081","100"
"118,1","0,6","E","1300","237","3081","100"
"118,1","0,7","E","1300","237","3081","100"
"118,1","0,8","E","1300","236","3068","100"
"118,1","0,9","E","1300","236","3068","100"
"119,4","0,0","P","1300","154","2002","100"
"119,4","0,1","P","1300","154","2002","100"
"119,4","0,10","E","1300","229","2977","100"
"119,4","0,11","E","1300","229","2977","100"
"119,4","0,2","P","1300","154","2002","100"
"119,4","0,3","P","1300","154","2002","100"
"119,4","0,4","E","1300","231","3003","100"
"119,4","0,5","E","1300","231","3003","100"
"119,4","0,6","E","1300","231","3003","100"
"119,4","0,7","E","1300","231","3003","100"
"119,4","0,8","E","1300","229","2977","100"
"119,4","0,9","E","1300","229","2977","100"
"120,7","0,0","P","1300","171","2223","100"
"120,7","0,1","P","1300","171","2223","100"
"120,7","0,10","E","1300","244","3172","100"
"120,7","0,11","E","1300","244","3172","100"
"120,7","0,2","P","1300","171","2223","100"
"120,7","0,3","P","1300","171","2223","100"
"120,7","0,4","E","1300","242","3146","100"
"120,7","0,5","E","1300","242","3146","100"
"120,7","0,6","E","1300","242","3146","100"
"120,7","0,7","E","1300","242","3146","100"
"120,7","0,8","E","1300","244","3172","100"
"120,7","0,9","E","1300","244","3172","100"
"121,9","0,0","P","1300","154","2002","100"
"121,9","0,1","P","1300","154","2002","100"
"121,9","0,10","E","1300","232","3016","100"
"121,9","0,11","E","1300","232","3016","100"
"121,9","0,2","P","1300","154","2002","100"
"121,9","0,3","P","1300","154","2002","100"
"121,9","0,4","E","1300","233","3029","100"
"121,9","0,5","E","1300","233","3029","100"
"121,9","0,6","E","1300","233","3029","100"
"121,9","0,7","E","1300","233","3029","100"
"121,9","0,8","E","1300","232","3016","100"
"121,9","0,9","E","1300","232","3016","100"
"123,2","0,0","P","1300","154","2002","100"
"123,2","0,1","P","1300","154","2002","94"
"123,2","0,10","E","1300","232","3016","100"
"123,2","0,11","E","1300","232","3016","100"
"123,2","0,2","P","1300","154","2002","100"
"123,2","0,3","P","1300","154","2002","100"
"123,2","0,4","E","1300","228","2964","100"
"123,2","0,5","E","1300","228","2964","100"
"123,2","0,6","E","1300","228","2964","100"
"123,2","0,7","E","1300","228","2964","100"
"123,2","0,8","E","1300","232","3016","100"
"123,2","0,9","E","1300","232","3016","100"
"124,5","0,0","P","1300","154","2002","100"
"124,5","0,1","P","1300","154","2002","100"
"124,5","0,10","E","1300","231","3003","100"
"124,5","0,11","E","1300","231","3003","100"
"124,5","0,2","P","1300","154","2002","100"
"124,5","0,3","P","1300","154","2002","100"
"124,5","0,4","E","1300","232","3016","100"
"124,5","0,5","E","1300","232","3016","100"
"124,5","0,6","E","1300","232","3016","100"
"124,5","0,7","E","1300","232","3016","100"
"124,5","0,8","E","1300","231","3003","100"
"124,5","0,9","E","1300","231","3003","100"
"125,7","0,0","P","1300","154","2002","100"
"125,7","0,1","P","1300","154","2002","100"
"125,7","0,10","E","1300","230","2990","100"
"125,7","0,11","E","1300","230","2990","100"
"125,7","0,2","P","1300","154","2002","100"
"125,7","0,3","P","1300","154","2002","100"
"125,7","0,4","E","1300","225","2925","100"
"125,7","0,5","E","1300","225","2925","100"
"125,7","0,6","E","1300","225","2925","100"
"125,7","0,7","E","1300","225","2925","100"
"125,7","0,8","E","1300","230","2990","100"
"125,7","0,9","E","1300","230","2990","100"
"127","0,0","P","1300","169","2197","100"
"127","0,1","P","1300","169","2197","100"
"127","0,10","E","1300","241","3133","100"
"127","0,11","E","1300","241","3133","100"
"127","0,2","P","1300","169","2197","100"
"127","0,3","P","1300","169","2197","100"
"127","0,4","E","1300","235","3055","100"
"127","0,5","E","1300","235","3055","100"
"127","0,6","E","1300","235","3055","100"
"127","0,7","E","1300","235","3055","100"
"127","0,8","E","1300","241","3133","100"
"127","0,9","E","1300","241","3133","100"
"128,3","0,0","P","1300","155","2015","100"
"128,3","0,1","P","1300","155","2015","100"
"128,3","0,10","E","1300","233","3029","100"
"128,3","0,11","E","1300","233","3029","100"
"128,3","0,2","P","1300","155","2015","100"
"128,3","0,3","P","1300","155","2015","100"
"128,3","0,4","E","1300","228","2964","100"
"128,3","0,5","E","1300","228","2964","100"
"128,3","0,6","E","1300","228","2964","100"
"128,3","0,7","E","1300","228","2964","100"
"128,3","0,8","E","1300","233","3029","100"
"128,3","0,9","E","1300","233","3029","100"
"129,5","0,0","P","1300","154","2002","100"
"129,5","0,1","P","1300","154","2002","100"
"129,5","0,10","E","1300","220","2860","100"
"129,5","0,11","E","1300","220","2860","100"
"129,5","0,2","P","1300","154","2002","100"
"129,5","0,3","P","1300","154","2002","100"
"129,5","0,4","E","1300","231","3003","100"
"129,5","0,5","E","1300","231","3003","100"
"129,5","0,6","E","1300","231","3003","100"
"129,5","0,7","E","1300","231","3003","100"
"129,5","0,8","E","1300","220","2860","100"
"129,5","0,9","E","1300","220","2860","100"
"130,8","0,0","P","1300","165","2145","100"
"130,8","0,1","P","1300","165","2145","100"
"130,8","0,10","E","1300","239","3107","100"
"130,8","0,11","E","1300","239","3107","100"
"130,8","0,2","P","1300","165","2145","100"
"130,8","0,3","P","1300","165","2145","100"
"130,8","0,4","E","1300","238","3094","100"
"130,8","0,5","E","1300","238","3094","100"
"130,8","0,6","E","1300","238","3094","100"
"130,8","0,7","E","1300","238","3094","100"
"130,8","0,8","E","1300","239","3107","100"
"130,8","0,9","E","1300","239","3107","100"
"132,1","0,0","P","1300","155","2015","100"
"132,1","0,1","P","1300","155","2015","100"
"132,1","0,10","E","1300","229","2977","100"
"132,1","0,11","E","1300","229","2977","100"
"132,1","0,2","P","1300","155","2015","100"
"132,1","0,3","P","1300","155","2015","100"
"132,1","0,4","E","1300","230","2990","100"
"132,1","0,5","E","1300","230","2990","100"
"132,1","0,6","E","1300","230","2990","100"
"132,1","0,7","E","1300","230","2990","100"
"132,1","0,8","E","1300","229","2977","100"
"132,1","0,9","E","1300","229","2977","100"
"133,4","0,0","P","1300","165","2145","100"
"133,4","0,1","P","1300","165","2145","100"
"133,4","0,10","E","1300","239","3107","100"
"133,4","0,11","E","1300","239","3107","100"
"133,4","0,2","P","1300","165","2145","100"
"133,4","0,3","P","1300","165","2145","100"
"133,4","0,4","E","1300","234","3042","100"
"133,4","0,5","E","1300","234","3042","100"
"133,4","0,6","E","1300","234","3042","100"
"133,4","0,7","E","1300","234","3042","100"
"133,4","0,8","E","1300","239","3107","100"
"133,4","0,9","E","1300","239","3107","100"
"134,6","0,0","P","1300","153","1989","100"
"134,6","0,1","P","1300","153","1989","100"
"134,6","0,10","E","1300","227","2951","100"
"134,6","0,11","E","1300","227","2951","100"
"134,6","0,2","P","1300","153","1989","100"
"134,6","0,3","P","1300","153","1989","100"
"134,6","0,4","E","1300","222","2886","100"
"134,6","0,5","E","1300","222","2886","100"
"134,6","0,6","E","1300","222","2886","100"
"134,6","0,7","E","1300","222","2886","100"
"134,6","0,8","E","1300","227","2951","100"
"134,6","0,9","E","1300","227","2951","100"
"135,9","0,0","P","1300","154","2002","100"
"135,9","0,1","P","1300","154","2002","100"
"135,9","0,10","E","1300","229","2977","100"
"135,9","0,11","E","1300","229","2977","100"
"135,9","0,2","P","1300","154","2002","100"
"135,9","0,3","P","1300","154","2002","100"
"135,9","0,4","E","1300","229","2977","100"
"135,9","0,5","E","1300","229","2977","100"
"135,9","0,6","E","1300","229","2977","100"
"135,9","0,7","E","1300","229","2977","100"
"135,9","0,8","E","1300","229","2977","100"
"135,9","0,9","E","1300","229","2977","100"
"137,2","0,0","P","1300","154","2002","100"
"137,2","0,1","P","1300","154","2002","100"
"137,2","0,10","E","1300","228","2964","100"
"137,2","0,11","E","1300","228","2964","100"
"137,2","0,2","P","1300","154","2002","100"
"137,2","0,3","P","1300","154","2002","100"
"137,2","0,4","E","1300","226","2938","100"
"137,2","0,5","E","1300","226","2938","100"
"137,2","0,6","E","1300","226","2938","100"
"137,2","0,7","E","1300","226","2938","100"
"137,2","0,8","E","1300","228","2964","100"
"137,2","0,9","E","1300","228","2964","100"
"138,5","0,0","P","1300","150","1950","100"
"138,5","0,1","P","1300","150","1950","100"
"138,5","0,10","E","1300","223","2899","100"
"138,5","0,11","E","1300","223","2899","100"
"138,5","0,2","P","1300","150","1950","100"
"138,5","0,3","P","1300","150","1950","100"
"138,5","0,4","E","1300","222","2886","100"
"138,5","0,5","E","1300","222","2886","100"
"138,5","0,6","E","1300","222","2886","100"
"138,5","0,7","E","1300","222","2886","100"
"138,5","0,8","E","1300","223","2899","100"
"138,5","0,9","E","1300","223","2899","100"
"139,8","0,0","P","1300","158","2054","100"
"139,8","0,1","P","1300","158","2054","100"
"139,8","0,10","E","1300","231","3003","100"
"139,8","0,11","E","1300","231","3003","100"
"139,8","0,2","P","1300","158","2054","100"
"139,8","0,3","P","1300","158","2054","100"
"139,8","0,4","E","1300","233","3029","100"
"139,8","0,5","E","1300","233","3029","100"
"139,8","0,6","E","1300","233","3029","100"
"139,8","0,7","E","1300","233","3029","100"
"139,8","0,8","E","1300","231","3003","100"
"139,8","0,9","E","1300","231","3003","100"
"141","0,0","P","1300","148","1924","100"
"141","0,1","P","1300","148","1924","100"
"141","0,10","E","1300","220","2860","100"
"141","0,11","E","1300","220","2860","100"
"141","0,2","P","1300","148","1924","100"
"141","0,3","P","1300","148","1924","100"
"141","0,4","E","1300","221","2873","100"
"141","0,5","E","1300","221","2873","100"
"141","0,6","E","1300","221","2873","100"
"141","0,7","E","1300","221","2873","100"
"141","0,8","E","1300","220","2860","100"
"141","0,9","E","1300","220","2860","100"
"142,3","0,0","P","1300","152","1976","100"
"142,3","0,1","P","1300","152","1976","100"
"142,3","0,10","E","1300","226","2938","100"
"142,3","0,11","E","1300","226","2938","100"
"142,3","0,2","P","1300","152","1976","100"
"142,3","0,3","P","1300","152","1976","100"
"142,3","0,4","E","1300","221","2873","100"
"142,3","0,5","E","1300","221","2873","100"
"142,3","0,6","E","1300","221","2873","100"
"142,3","0,7","E","1300","221","2873","100"
"142,3","0,8","E","1300","226","2938","100"
"142,3","0,9","E","1300","226","2938","100"
"143,6","0,0","P","1300","164","2132","100"
"143,6","0,1","P","1300","164","2132","100"
"143,6","0,10","E","1300","240","3120","100"
"143,6","0,11","E","1300","240","3120","100"
"143,6","0,2","P","1300","164","2132","100"
"143,6","0,3","P","1300","164","2132","100"
"143,6","0,4","E","1300","233","3029","100"
"143,6","0,5","E","1300","233","3029","100"
"143,6","0,6","E","1300","233","3029","100"
"143,6","0,7","E","1300","233","3029","100"
"143,6","0,8","E","1300","240","3120","100"
"143,6","0,9","E","1300","240","3120","100"
"144,8","0,0","P","1300","149","1937","100"
"144,8","0,1","P","1300","149","1937","100"
"144,8","0,10","E","1300","221","2873","100"
"144,8","0,11","E","1300","221","2873","100"
"144,8","0,2","P","1300","149","1937","100"
"144,8","0,3","P","1300","149","1937","100"
"144,8","0,4","E","1300","220","2860","100"
"144,8","0,5","E","1300","220","2860","100"
"144,8","0,6","E","1300","220","2860","100"
"144,8","0,7","E","1300","220","2860","100"
"144,8","0,8","E","1300","221","2873","100"
"144,8","0,9","E","1300","221","2873","100"
"146,1","0,0","P","1300","152","1976","100"
"146,1","0,1","P","1300","152","1976","100"
"146,1","0,10","E","1300","226","2938","100"
"146,1","0,11","E","1300","226","2938","100"
"146,1","0,2","P","1300","152","1976","100"
"146,1","0,3","P","1300","152","1976","100"
"146,1","0,4","E","1300","221","2873","100"
"146,1","0,5","E","1300","221","2873","100"
"146,1","0,6","E","1300","221","2873","100"
"146,1","0,7","E","1300","221","2873","100"
"146,1","0,8","E","1300","226","2938","100"
"146,1","0,9","E","1300","226","2938","100"
"147,4","0,0","P","1300","166","2158","100"
"147,4","0,1","P","1300","166","2158","100"
"147,4","0,10","E","1300","239","3107","100"
"147,4","0,11","E","1300","239","3107","100"
"147,4","0,2","P","1300","166","2158","100"
"147,4","0,3","P","1300","166","2158","100"
"147,4","0,4","E","1300","240","3120","100"
"147,4","0,5","E","1300","240","3120","100"
"147,4","0,6","E","1300","240","3120","100"
"147,4","0,7","E","1300","240","3120","100"
"147,4","0,8","E","1300","239","3107","100"
"147,4","0,9","E","1300","239","3107","100"
"148,7","0,0","P","1300","154","2002","100"
"148,7","0,1","P","1300","154","2002","100"
"148,7","0,10","E","1300","230","2990","100"
"148,7","0,11","E","1300","230","2990","100"
"148,7","0,2","P","1300","154","2002","100"
"148,7","0,3","P","1300","154","2002","100"
"148,7","0,4","E","1300","233","3029","100"
"148,7","0,5","E","1300","233","3029","100"
"148,7","0,6","E","1300","233","3029","100"
"148,7","0,7","E","1300","233","3029","100"
"148,7","0,8","E","1300","230","2990","100"
"148,7","0,9","E","1300","230","2990","100"
"149,9","0,0","P","1300","163","2119","100"
"149,9","0,1","P","1300","163","2119","100"
"149,9","0,10","E","1300","236","3068","100"
"149,9","0,11","E","1300","236","3068","100"
"149,9","0,2","P","1300","164","2132","100"
"149,9","0,3","P","1300","164","2132","100"
"149,9","0,4","E","1300","236","3068","100"
"149,9","0,5","E","1300","236","3068","100"
"149,9","0,6","E","1300","236","3068","100"
"149,9","0,7","E","1300","236","3068","100"
"149,9","0,8","E","1300","236","3068","100"
"149,9","0,9","E","1300","236","3068","100"
"151,2","0,0","P","1300","169","2197","100"
"151,2","0,1","P","1300","169","2197","100"
"151,2","0,10","E","1300","243","3159","100"
"151,2","0,11","E","1300","243","3159","100"
"151,2","0,2","P","1300","169","2197","100"
"151,2","0,3","P","1300","169","2197","100"
"151,2","0,4","E","1300","233","3029","100"
"151,2","0,5","E","1300","233","3029","100"
"151,2","0,6","E","1300","233","3029","100"
"151,2","0,7","E","1300","233","3029","100"
"151,2","0,8","E","1300","243","3159","100"
"151,2","0,9","E","1300","243","3159","100"
"152,5","0,0","P","1300","148","1924","100"
"152,5","0,1","P","1300","148","1924","100"
"152,5","0,10","E","1300","219","2847","100"
"152,5","0,11","E","1300","219","2847","100"
"152,5","0,2","P","1300","148","1924","100"
"152,5","0,3","P","1300","148","1924","100"
"152,5","0,4","E","1300","218","2834","100"
"152,5","0,5","E","1300","218","2834","100"
"152,5","0,6","E","1300","218","2834","100"
"152,5","0,7","E","1300","218","2834","100"
"152,5","0,8","E","1300","219","2847","100"
"152,5","0,9","E","1300","219","2847","100"
"153,8","0,0","P","1300","158","2054","100"
"153,8","0,1","P","1300","158","2054","100"
"153,8","0,10","E","1300","233","3029","100"
"153,8","0,11","E","1300","233","3029","100"
"153,8","0,2","P","1300","158","2054","100"
"153,8","0,3","P","1300","158","2054","100"
"153,8","0,4","E","1300","229","2977","100"
"153,8","0,5","E","1300","229","2977","100"
"153,8","0,6","E","1300","229","2977","100"
"153,8","0,7","E","1300","229","2977","100"
"153,8","0,8","E","1300","233","3029","100"
"153,8","0,9","E","1300","233","3029","100"
"155,1","0,0","P","1300","148","1924","100"
"155,1","0,1","P","1300","148","1924","100"
"155,1","0,10","E","1300","219","2847","100"
"155,1","0,11","E","1300","219","2847","100"
"155,1","0,2","P","1300","148","1924","100"
"155,1","0,3","P","1300","148","1924","100"
"155,1","0,4","E","1300","219","2847","100"
"155,1","0,5","E","1300","219","2847","100"
"155,1","0,6","E","1300","219","2847","100"
"155,1","0,7","E","1300","219","2847","100"
"155,1","0,8","E","1300","219","2847","100"
"155,1","0,9","E","1300","219","2847","100"
"156,3","0,0","P","1300","148","1924","100"
"156,3","0,1","P","1300","148","1924","100"
"156,3","0,10","E","1300","218","2834","100"
"156,3","0,11","E","1300","218","2834","100"
"156,3","0,2","P","1300","148","1924","100"
"156,3","0,3","P","1300","148","1924","100"
"156,3","0,4","E","1300","218","2834","100"
"156,3","0,5","E","1300","218","2834","100"
"156,3","0,6","E","1300","218","2834","100"
"156,3","0,7","E","1300","218","2834","100"
"156,3","0,8","E","1300","218","2834","100"
"156,3","0,9","E","1300","218","2834","100"
"157,6","0,0","P","1300","160","2080","100"
"157,6","0,1","P","1300","160","2080","100"
"157,6","0,10","E","1300","233","3029","100"
"157,6","0,11","E","1300","233","3029","100"
"157,6","0,2","P","1300","160","2080","100"
"157,6","0,3","P","1300","160","2080","100"
"157,6","0,4","E","1300","235","3055","100"
"157,6","0,5","E","1300","235","3055","100"
"157,6","0,6","E","1300","235","3055","100"
"157,6","0,7","E","1300","235","3055","100"
"157,6","0,8","E","1300","233","3029","100"
"157,6","0,9","E","1300","233","3029","100"
"158,9","0,0","P","1300","146","1898","100"
"158,9","0,1","P","1300","146","1898","100"
"158,9","0,10","E","1300","217","2821","100"
"158,9","0,11","E","1300","217","2821","100"
"158,9","0,2","P","1300","147","1911","100"
"158,9","0,3","P","1300","147","1911","100"
"158,9","0,4","E","1300","219","2847","100"
"158,9","0,5","E","1300","219","2847","100"
"158,9","0,6","E","1300","219","2847","100"
"158,9","0,7","E","1300","219","2847","100"
"158,9","0,8","E","1300","217","2821","100"
"158,9","0,9","E","1300","217","2821","100"
"160,1","0,0","P","1300","156","2028","100"
"160,1","0,1","P","1300","156","2028","100"
"160,1","0,10","E","1300","233","3029","100"
"160,1","0,11","E","1300","233","3029","100"
"160,1","0,2","P","1300","156","2028","100"
"160,1","0,3","P","1300","156","2028","100"
"160,1","0,4","E","1300","231","3003","100"
"160,1","0,5","E","1300","231","3003","100"
"160,1","0,6","E","1300","231","3003","100"
"160,1","0,7","E","1300","231","3003","100"
"160,1","0,8","E","1300","233","3029","100"
"160,1","0,9","E","1300","233","3029","100"
"161,4","0,0","P","1300","148","1924","100"
"161,4","0,1","P","1300","148","1924","100"
"161,4","0,10","E","1300","221","2873","100"
"161,4","0,11","E","1300","221","2873","100"
"161,4","0,2","P","1300","148","1924","100"
"161,4","0,3","P","1300","148","1924","100"
"161,4","0,4","E","1300","220","2860","100"
"161,4","0,5","E","1300","220","2860","100"
"161,4","0,6","E","1300","220","2860","100"
"161,4","0,7","E","1300","220","2860","100"
"161,4","0,8","E","1300","221","2873","100"
"161,4","0,9","E","1300","221","2873","100"
"162,7","0,0","P","1300","158","2054","100"
"162,7","0,1","P","1300","158","2054","100"
"162,7","0,10","E","1300","231","3003","100"
"162,7","0,11","E","1300","231","3003","100"
"162,7","0,2","P","1300","158","2054","100"
"162,7","0,3","P","1300","158","2054","100"
"162,7","0,4","E","1300","225","2925","100"
"162,7","0,5","E","1300","225","2925","100"
"162,7","0,6","E","1300","225","2925","100"
"162,7","0,7","E","1300","225","2925","100"
"162,7","0,8","E","1300","231","3003","100"
"162,7","0,9","E","1300","231","3003","100"
"164","0,0","P","1300","153","1989","100"
"164","0,1","P","1300","153","1989","100"
"164","0,10","E","1300","230","2990","100"
"164","0,11","E","1300","230","2990","100"
"164","0,2","P","1300","153","1989","100"
"164","0,3","P","1300","153","1989","100"
"164","0,4","E","1300","227","2951","100"
"164","0,5","E","1300","227","2951","100"
"164","0,6","E","1300","227","2951","100"
"164","0,7","E","1300","227","2951","100"
"164","0,8","E","1300","230","2990","100"
"164","0,9","E","1300","230","2990","100"
"165,3","0,0","P","1300","150","1950","100"
"165,3","0,1","P","1300","150","1950","100"
"165,3","0,10","E","1300","225","2925","100"
"165,3","0,11","E","1300","225","2925","100"
"165,3","0,2","P","1300","150","1950","100"
"165,3","0,3","P","1300","150","1950","100"
"165,3","0,4","E","1300","223","2899","100"
"165,3","0,5","E","1300","223","2899","100"
"165,3","0,6","E","1300","223","2899","100"
"165,3","0,7","E","1300","223","2899","100"
"165,3","0,8","E","1300","225","2925","100"
"165,3","0,9","E","1300","225","2925","100"
"166,5","0,0","P","1300","154","2002","100"
"166,5","0,1","P","1300","154","2002","100"
"166,5","0,10","E","1300","227","2951","100"
"166,5","0,11","E","1300","227","2951","100"
"166,5","0,2","P","1300","154","2002","100"
"166,5","0,3","P","1300","154","2002","100"
"166,5","0,4","E","1300","232","3016","100"
"166,5","0,5","E","1300","232","3016","100"
"166,5","0,6","E","1300","233","3029","100"
"166,5","0,7","E","1300","233","3029","100"
"166,5","0,8","E","1300","227","2951","100"
"166,5","0,9","E","1300","227","2951","100"
"167,8","0,0","P","1300","147","1911","100"
"167,8","0,1","P","1300","147","1911","100"
"167,8","0,10","E","1300","219","2847","100"
"167,8","0,11","E","1300","219","2847","100"
"167,8","0,2","P","1300","147","1911","100"
"167,8","0,3","P","1300","147","1911","100"
"167,8","0,4","E","1300","220","2860","100"
"167,8","0,5","E","1300","220","2860","100"
"167,8","0,6","E","1300","220","2860","100"
"167,8","0,7","E","1300","220","2860","100"
"167,8","0,8","E","1300","219","2847","100"
"167,8","0,9","E","1300","219","2847","100"
"169,1","0,0","P","1300","158","2054","100"
"169,1","0,1","P","1300","158","2054","100"
"169,1","0,10","E","1300","235","3055","100"
"169,1","0,11","E","1300","235","3055","100"
"169,1","0,2","P","1300","158","2054","100"
"169,1","0,3","P","1300","158","2054","100"
"169,1","0,4","E","1300","233","3029","100"
"169,1","0,5","E","1300","233","3029","100"
"169,1","0,6","E","1300","233","3029","100"
"169,1","0,7","E","1300","233","3029","100"
"169,1","0,8","E","1300","235","3055","100"
"169,1","0,9","E","1300","235","3055","100"
"170,4","0,0","P","1300","147","1911","100"
"170,4","0,1","P","1300","147","1911","100"
"170,4","0,10","E","1300","219","2847","100"
"170,4","0,11","E","1300","219","2847","100"
"170,4","0,2","P","1300","147","1911","100"
"170,4","0,3","P","1300","147","1911","100"
"170,4","0,4","E","1300","218","2834","100"
"170,4","0,5","E","1300","218","2834","100"
"170,4","0,6","E","1300","218","2834","100"
"170,4","0,7","E","1300","218","2834","100"
"170,4","0,8","E","1300","219","2847","100"
"170,4","0,9","E","1300","219","2847","100"
"171,6","0,0","P","1300","148","1924","100"
"171,6","0,1","P","1300","148","1924","100"
"171,6","0,10","E","1300","220","2860","100"
"171,6","0,11","E","1300","220","2860","100"
"171,6","0,2","P","1300","148","1924","100"
"171,6","0,3","P","1300","148","1924","100"
"171,6","0,4","E","1300","219","2847","100"
"171,6","0,5","E","1300","219","2847","100"
"171,6","0,6","E","1300","219","2847","100"
"171,6","0,7","E","1300","219","2847","100"
"171,6","0,8","E","1300","220","2860","100"
"171,6","0,9","E","1300","220","2860","100"
"172,9","0,0","P","1300","146","1898","100"
"172,9","0,1","P","1300","146","1898","100"
"172,9","0,10","E","1300","218","2834","100"
"172,9","0,11","E","1300","218","2834","100"
"172,9","0,2","P","1300","146","1898","100"
"172,9","0,3","P","1300","146","1898","100"
"172,9","0,4","E","1300","218","2834","100"
"172,9","0,5","E","1300","218","2834","100"
"172,9","0,6","E","1300","218","2834","100"
"172,9","0,7","E","1300","218","2834","100"
"172,9","0,8","E","1300","218","2834","100"
"172,9","0,9","E","1300","218","2834","100"
"174,2","0,0","P","1300","147","1911","100"
"174,2","0,1","P","1300","147","1911","100"
"174,2","0,10","E","1300","217","2821","100"
"174,2","0,11","E","1300","217","2821","100"
"174,2","0,2","P","1300","146","1898","100"
"174,2","0,3","P","1300","146","1898","100"
"174,2","0,4","E","1300","218","2834","100"
"174,2","0,5","E","1300","218","2834","100"
"174,2","0,6","E","1300","218","2834","100"
"174,2","0,7","E","1300","218","2834","100"
"174,2","0,8","E","1300","217","2821","100"
"174,2","0,9","E","1300","217","2821","100"
"175,5","0,0","P","1300","151","1963","100"
"175,5","0,1","P","1300","151","1963","100"
"175,5","0,10","E","1300","225","2925","100"
"175,5","0,11","E","1300","225","2925","100"
"175,5","0,2","P","1300","151","1963","100"
"175,5","0,3","P","1300","151","1963","100"
"175,5","0,4","E","1300","225","2925","100"
"175,5","0,5","E","1300","225","2925","100"
"175,5","0,6","E","1300","225","2925","100"
"175,5","0,7","E","1300","225","2925","100"
"175,5","0,8","E","1300","225","2925","100"
"175,5","0,9","E","1300","225","2925","100"
"176,7","0,0","P","1300","146","1898","100"
"176,7","0,1","P","1300","146","1898","100"
"176,7","0,10","E","1300","217","2821","100"
"176,7","0,11","E","1300","217","2821","100"
"176,7","0,2","P","1300","146","1898","100"
"176,7","0,3","P","1300","146","1898","100"
"176,7","0,4","E","1300","213","2769","100"
"176,7","0,5","E","1300","213","2769","100"
"176,7","0,6","E","1300","213","2769","100"
"176,7","0,7","E","1300","213","2769","100"
"176,7","0,8","E","1300","217","2821","100"
"176,7","0,9","E","1300","217","2821","100"
"178","0,0","P","1300","151","1963","100"
"178","0,1","P","1300","151","1963","100"
"178","0,10","E","1300","227","2951","100"
"178","0,11","E","1300","227","2951","100"
"178","0,2","P","1300","151","1963","100"
"178","0,3","P","1300","151","1963","100"
"178","0,4","E","1300","224","2912","100"
"178","0,5","E","1300","224","2912","100"
"178","0,6","E","1300","224","2912","100"
"178","0,7","E","1300","224","2912","100"
"178","0,8","E","1300","227","2951","100"
"178","0,9","E","1300","227","2951","100"
"179,3","0,0","P","1300","147","1911","100"
"179,3","0,1","P","1300","147","1911","100"
"179,3","0,10","E","1300","218","2834","100"
"179,3","0,11","E","1300","218","2834","100"
"179,3","0,2","P","1300","147","1911","100"
"179,3","0,3","P","1300","147","1911","100"
"179,3","0,4","E","1300","218","2834","100"
"179,3","0,5","E","1300","218","2834","100"
"179,3","0,6","E","1300","218","2834","100"
"179,3","0,7","E","1300","218","2834","100"
"179,3","0,8","E","1300","218","2834","100"
"179,3","0,9","E","1300","218","2834","100"
"180,6","0,0","P","1300","154","2002","100"
"180,6","0,1","P","1300","154","2002","100"
"180,6","0,10","E","1300","232","3016","100"
"180,6","0,11","E","1300","232","3016","100"
"180,6","0,2","P","1300","154","2002","100"
"180,6","0,3","P","1300","154","2002","100"
"180,6","0,4","E","1300","230","2990","100"
"180,6","0,5","E","1300","230","2990","100"
"180,6","0,6","E","1300","230","2990","100"
"180,6","0,7","E","1300","230","2990","100"
"180,6","0,8","E","1300","232","3016","100"
"180,6","0,9","E","1300","232","3016","100"
"181,8","0,0","P","1300","142","1846","100"
"181,8","0,1","P","1300","142","1846","100"
"181,8","0,10","E","1300","213","2769","100"
"181,8","0,11","E","1300","213","2769","100"
"181,8","0,2","P","1300","143","1859","100"
"181,8","0,3","P","1300","143","1859","100"
"181,8","0,4","E","1300","211","2743","100"
"181,8","0,5","E","1300","211","2743","100"
"181,8","0,6","E","1300","211","2743","100"
"181,8","0,7","E","1300","211","2743","100"
"181,8","0,8","E","1300","213","2769","100"
"181,8","0,9","E","1300","213","2769","100"
"183,1","0,0","P","1300","152","1976","100"
"183,1","0,1","P","1300","152","1976","100"
"183,1","0,10","E","1300","227","2951","100"
"183,1","0,11","E","1300","227","2951","100"
"183,1","0,2","P","1300","152","1976","100"
"183,1","0,3","P","1300","152","1976","100"
"183,1","0,4","E","1300","223","2899","100"
"183,1","0,5","E","1300","223","2899","100"
"183,1","0,6","E","1300","223","2899","100"
"183,1","0,7","E","1300","223","2899","100"
"183,1","0,8","E","1300","227","2951","100"
"183,1","0,9","E","1300","227","2951","100"
"184,4","0,0","P","1300","142","1846","100"
"184,4","0,1","P","1300","142","1846","100"
"184,4","0,10","E","1300","214","2782","100"
"184,4","0,11","E","1300","214","2782","100"
"184,4","0,2","P","1300","143","1859","100"
"184,4","0,3","P","1300","143","1859","100"
"184,4","0,4","E","1300","211","2743","100"
"184,4","0,5","E","1300","211","2743","100"
"184,4","0,6","E","1300","211","2743","100"
"184,4","0,7","E","1300","211","2743","100"
"184,4","0,8","E","1300","214","2782","100"
"184,4","0,9","E","1300","214","2782","100"
"185,6","0,0","P","1300","147","1911","100"
"185,6","0,1","P","1300","147","1911","100"
"185,6","0,10","E","1300","218","2834","100"
"185,6","0,11","E","1300","218","2834","100"
"185,6","0,2","P","1300","147","1911","100"
"185,6","0,3","P","1300","147","1911","100"
"185,6","0,4","E","1300","220","2860","100"
"185,6","0,5","E","1300","220","2860","100"
"185,6","0,6","E","1300","220","2860","100"
"185,6","0,7","E","1300","220","2860","100"
"185,6","0,8","E","1300","218","2834","100"
"185,6","0,9","E","1300","218","2834","100"
"186,9","0,0","P","1300","146","1898","100"
"186,9","0,1","P","1300","145","1885","100"
"186,9","0,10","E","1300","218","2834","100"
"186,9","0,11","E","1300","218","2834","100"
"186,9","0,2","P","1300","146","1898","100"
"186,9","0,3","P","1300","146","1898","100"
"186,9","0,4","E","1300","211","2743","100"
"186,9","0,5","E","1300","211","2743","100"
"186,9","0,6","E","1300","211","2743","100"
"186,9","0,7","E","1300","211","2743","100"
"186,9","0,8","E","1300","218","2834","100"
"186,9","0,9","E","1300","218","2834","100"
"188,2","0,0","P","1300","147","1911","100"
"188,2","0,1","P","1300","147","1911","100"
"188,2","0,10","E","1300","220","2860","100"
"188,2","0,11","E","1300","220","2860","100"
"188,2","0,2","P","1300","146","1898","100"
"188,2","0,3","P","1300","146","1898","100"
"188,2","0,4","E","1300","221","2873","100"
"188,2","0,5","E","1300","221","2873","100"
"188,2","0,6","E","1300","221","2873","100"
"188,2","0,7","E","1300","221","2873","100"
"188,2","0,8","E","1300","220","2860","100"
"188,2","0,9","E","1300","220","2860","100"
"189,5","0,0","P","1300","169","2197","100"
"189,5","0,1","P","1300","169","2197","100"
"189,5","0,10","E","1300","243","3159","100"
"189,5","0,11","E","1300","243","3159","100"
"189,5","0,2","P","1300","169","2197","100"
"189,5","0,3","P","1300","169","2197","100"
"189,5","0,4","E","1300","237","3081","100"
"189,5","0,5","E","1300","237","3081","100"
"189,5","0,6","E","1300","237","3081","100"
"189,5","0,7","E","1300","237","3081","100"
"189,5","0,8","E","1300","243","3159","100"
"189,5","0,9","E","1300","243","3159","100"
"190,8","0,0","P","1300","143","1859","100"
"190,8","0,1","P","1300","143","1859","100"
"190,8","0,10","E","1300","214","2782","100"
"190,8","0,11","E","1300","214","2782","100"
"190,8","0,2","P","1300","144","1872","100"
"190,8","0,3","P","1300","144","1872","100"
"190,8","0,4","E","1300","208","2704","100"
"190,8","0,5","E","1300","208","2704","100"
"190,8","0,6","E","1300","208","2704","100"
"190,8","0,7","E","1300","208","2704","100"
"190,8","0,8","E","1300","214","2782","100"
"190,8","0,9","E","1300","214","2782","100"
"192,1","0,0","P","1300","151","1963","100"
"192,1","0,1","P","1300","151","1963","100"
"192,1","0,10","E","1300","227","2951","100"
"192,1","0,11","E","1300","227","2951","100"
"192,1","0,2","P","1300","151","1963","100"
"192,1","0,3","P","1300","151","1963","100"
"192,1","0,4","E","1300","224","2912","100"
"192,1","0,5","E","1300","224","2912","100"
"192,1","0,6","E","1300","224","2912","100"
"192,1","0,7","E","1300","224","2912","100"
"192,1","0,8","E","1300","227","2951","100"
"192,1","0,9","E","1300","227","2951","100"
"193,3","0,0","P","1300","140","1820","100"
"193,3","0,1","P","1300","140","1820","100"
"193,3","0,10","E","1300","210","2730","100"
"193,3","0,11","E","1300","210","2730","100"
"193,3","0,2","P","1300","142","1846","100"
"193,3","0,3","P","1300","142","1846","100"
"193,3","0,4","E","1300","207","2691","100"
"193,3","0,5","E","1300","207","2691","100"
"193,3","0,6","E","1300","207","2691","100"
"193,3","0,7","E","1300","207","2691","100"
"193,3","0,8","E","1300","210","2730","100"
"193,3","0,9","E","1300","210","2730","100"
"194,6","0,0","P","1300","149","1937","100"
"194,6","0,1","P","1300","149","1937","100"
"194,6","0,10","E","1300","224","2912","100"
"194,6","0,11","E","1300","224","2912","100"
"194,6","0,2","P","1300","149","1937","100"
"194,6","0,3","P","1300","149","1937","100"
"194,6","0,4","E","1300","221","2873","100"
"194,6","0,5","E","1300","221","2873","100"
"194,6","0,6","E","1300","221","2873","100"
"194,6","0,7","E","1300","221","2873","100"
"194,6","0,8","E","1300","224","2912","100"
"194,6","0,9","E","1300","224","2912","100"
"195,9","0,0","P","1300","141","1833","100"
"195,9","0,1","P","1300","141","1833","100"
"195,9","0,10","E","1300","212","2756","100"
"195,9","0,11","E","1300","212","2756","100"
"195,9","0,2","P","1300","143","1859","100"
"195,9","0,3","P","1300","143","1859","100"
"195,9","0,4","E","1300","208","2704","100"
"195,9","0,5","E","1300","208","2704","100"
"195,9","0,6","E","1300","208","2704","100"
"195,9","0,7","E","1300","208","2704","100"
"195,9","0,8","E","1300","212","2756","100"
"195,9","0,9","E","1300","212","2756","100"
"197,2","0,0","P","1300","143","1859","100"
"197,2","0,1","P","1300","143","1859","100"
"197,2","0,10","E","1300","213","2769","100"
"197,2","0,11","E","1300","213","2769","100"
"197,2","0,2","P","1300","143","1859","100"
"197,2","0,3","P","1300","143","1859","100"
"197,2","0,4","E","1300","213","2769","100"
"197,2","0,5","E","1300","213","2769","100"
"197,2","0,6","E","1300","213","2769","100"
"197,2","0,7","E","1300","213","2769","100"
"197,2","0,8","E","1300","213","2769","100"
"197,2","0,9","E","1300","213","2769","100"
"198,5","0,0","P","1300","139","1807","100"
"198,5","0,1","P","1300","139","1807","100"
"198,5","0,10","E","1300","207","2691","100"
"198,5","0,11","E","1300","207","2691","100"
"198,5","0,2","P","1300","139","1807","100"
"198,5","0,3","P","1300","139","1807","100"
"198,5","0,4","E","1300","207","2691","100"
"198,5","0,5","E","1300","207","2691","100"
"198,5","0,6","E","1300","207","2691","100"
"198,5","0,7","E","1300","207","2691","100"
"198,5","0,8","E","1300","207","2691","100"
"198,5","0,9","E","1300","207","2691","100"
"199,8","0,0","P","1300","144","1872","100"
"199,8","0,1","P","1300","144","1872","100"
"199,8","0,10","E","1300","216","2808","100"
"199,8","0,11","E","1300","216","2808","100"
"199,8","0,2","P","1300","144","1872","100"
"199,8","0,3","P","1300","144","1872","100"
"199,8","0,4","E","1300","214","2782","100"
"199,8","0,5","E","1300","214","2782","100"
"199,8","0,6","E","1300","214","2782","100"
"199,8","0,7","E","1300","214","2782","100"
"199,8","0,8","E","1300","216","2808","100"
"199,8","0,9","E","1300","216","2808","100"
"201","0,0","P","1300","145","1885","100"
"201","0,1","P","1300","145","1885","100"
"201","0,10","E","1300","218","2834","100"
"201","0,11","E","1300","218","2834","100"
"201","0,2","P","1300","145","1885","100"
"201","0,3","P","1300","145","1885","100"
"201","0,4","E","1300","218","2834","100"
"201","0,5","E","1300","218","2834","100"
"201","0,6","E","1300","218","2834","100"
"201","0,7","E","1300","218","2834","100"
"201","0,8","E","1300","218","2834","100"
"201","0,9","E","1300","218","2834","100"
"202,4","0,0","P","1300","147","1911","100"
"202,4","0,1","P","1300","147","1911","100"
"202,4","0,10","E","1300","221","2873","100"
"202,4","0,11","E","1300","221","2873","100"
"202,4","0,2","P","1300","147","1911","100"
"202,4","0,3","P","1300","147","1911","100"
"202,4","0,4","E","1300","222","2886","100"
"202,4","0,5","E","1300","222","2886","100"
"202,4","0,6","E","1300","222","2886","100"
"202,4","0,7","E","1300","222","2886","100"
"202,4","0,8","E","1300","221","2873","100"
"202,4","0,9","E","1300","221","2873","100"
"203,7","0,0","P","1300","155","2015","100"
"203,7","0,1","P","1300","155","2015","100"
"203,7","0,10","E","1300","233","3029","100"
"203,7","0,11","E","1300","233","3029","100"
"203,7","0,2","P","1300","162","2106","100"
"203,7","0,3","P","1300","162","2106","100"
"203,7","0,4","E","1300","233","3029","100"
"203,7","0,5","E","1300","233","3029","100"
"203,7","0,6","E","1300","233","3029","100"
"203,7","0,7","E","1300","233","3029","100"
"203,7","0,8","E","1300","233","3029","100"
"203,7","0,9","E","1300","233","3029","100"
"205","0,0","P","1300","146","1898","100"
"205","0,1","P","1300","146","1898","100"
"205","0,10","E","1300","219","2847","100"
"205","0,11","E","1300","219","2847","100"
"205","0,2","P","1300","146","1898","100"
"205","0,3","P","1300","146","1898","100"
"205","0,4","E","1300","219","2847","100"
"205","0,5","E","1300","219","2847","100"
"205","0,6","E","1300","219","2847","100"
"205","0,7","E","1300","219","2847","100"
"205","0,8","E","1300","219","2847","100"
"205","0,9","E","1300","219","2847","100"
"206,3","0,0","P","1300","147","1911","100"
"206,3","0,1","P","1300","147","1911","100"
"206,3","0,10","E","1300","220","2860","100"
"206,3","0,11","E","1300","220","2860","100"
"206,3","0,2","P","1300","147","1911","100"
"206,3","0,3","P","1300","147","1911","100"
"206,3","0,4","E","1300","221","2873","100"
"206,3","0,5","E","1300","221","2873","100"
"206,3","0,6","E","1300","221","2873","100"
"206,3","0,7","E","1300","221","2873","100"
"206,3","0,8","E","1300","220","2860","100"
"206,3","0,9","E","1300","220","2860","100"
"207,6","0,0","P","1300","142","1846","100"
"207,6","0,1","P","1300","142","1846","100"
"207,6","0,10","E","1300","213","2769","100"
"207,6","0,11","E","1300","213","2769","100"
"207,6","0,2","P","1300","142","1846","100"
"207,6","0,3","P","1300","142","1846","100"
"207,6","0,4","E","1300","214","2782","100"
"207,6","0,5","E","1300","214","2782","100"
"207,6","0,6","E","1300","214","2782","100"
"207,6","0,7","E","1300","214","2782","100"
"207,6","0,8","E","1300","213","2769","100"
"207,6","0,9","E","1300","213","2769","100"
"208,8","0,0","P","1300","148","1924","100"
"208,8","0,1","P","1300","148","1924","100"
"208,8","0,10","E","1300","221","2873","100"
"208,8","0,11","E","1300","221","2873","100"
"208,8","0,2","P","1300","148","1924","100"
"208,8","0,3","P","1300","148","1924","100"
"208,8","0,4","E","1300","221","2873","100"
"208,8","0,5","E","1300","221","2873","100"
"208,8","0,6","E","1300","221","2873","100"
"208,8","0,7","E","1300","221","2873","100"
"208,8","0,8","E","1300","221","2873","100"
"208,8","0,9","E","1300","221","2873","100"
"210,1","0,0","P","1300","143","1859","100"
"210,1","0,1","P","1300","143","1859","100"
"210,1","0,10","E","1300","214","2782","100"
"210,1","0,11","E","1300","214","2782","100"
"210,1","0,2","P","1300","143","1859","100"
"210,1","0,3","P","1300","143","1859","100"
"210,1","0,4","E","1300","215","2795","100"
"210,1","0,5","E","1300","215","2795","100"
"210,1","0,6","E","1300","215","2795","100"
"210,1","0,7","E","1300","215","2795","100"
"210,1","0,8","E","1300","214","2782","100"
"210,1","0,9","E","1300","214","2782","100"
"211,4","0,0","P","1300","143","1859","100"
"211,4","0,1","P","1300","143","1859","100"
"211,4","0,10","E","1300","215","2795","100"
"211,4","0,11","E","1300","215","2795","100"
"211,4","0,2","P","1300","143","1859","100"
"211,4","0,3","P","1300","143","1859","100"
"211,4","0,4","E","1300","215","2795","100"
"211,4","0,5","E","1300","215","2795","100"
"211,4","0,6","E","1300","215","2795","100"
"211,4","0,7","E","1300","215","2795","100"
"211,4","0,8","E","1300","215","2795","100"
"211,4","0,9","E","1300","215","2795","100"
"212,7","0,0","P","1300","139","1807","100"
"212,7","0,1","P","1300","139","1807","100"
"212,7","0,10","E","1300","209","2717","100"
"212,7","0,11","E","1300","209","2717","100"
"212,7","0,2","P","1300","139","1807","100"
"212,7","0,3","P","1300","139","1807","100"
"212,7","0,4","E","1300","210","2730","100"
"212,7","0,5","E","1300","210","2730","100"
"212,7","0,6","E","1300","211","2743","100"
"212,7","0,7","E","1300","211","2743","100"
"212,7","0,8","E","1300","209","2717","100"
"212,7","0,9","E","1300","209","2717","100"
"213,9","0,0","P","1300","147","1911","100"
"213,9","0,1","P","1300","147","1911","100"
"213,9","0,10","E","1300","220","2860","100"
"213,9","0,11","E","1300","220","2860","100"
"213,9","0,2","P","1300","147","1911","100"
"213,9","0,3","P","1300","147","1911","100"
"213,9","0,4","E","1300","221","2873","100"
"213,9","0,5","E","1300","221","2873","100"
"213,9","0,6","E","1300","221","2873","100"
"213,9","0,7","E","1300","221","2873","100"
"213,9","0,8","E","1300","220","2860","100"
"213,9","0,9","E","1300","220","2860","100"
"215,2","0,0","P","1300","139","1807","100"
"215,2","0,1","P","1300","139","1807","100"
"215,2","0,10","E","1300","207","2691","100"
"215,2","0,11","E","1300","207","2691","100"
"215,2","0,2","P","1300","138","1794","100"
"215,2","0,3","P","1300","138","1794","100"
"215,2","0,4","E","1300","208","2704","100"
"215,2","0,5","E","1300","208","2704","100"
"215,2","0,6","E","1300","208","2704","100"
"215,2","0,7","E","1300","208","2704","100"
"215,2","0,8","E","1300","207","2691","100"
"215,2","0,9","E","1300","207","2691","100"
"216,5","0,0","P","1300","147","1911","100"
"216,5","0,1","P","1300","147","1911","100"
"216,5","0,10","E","1300","222","2886","100"
"216,5","0,11","E","1300","222","2886","100"
"216,5","0,2","P","1300","147","1911","100"
"216,5","0,3","P","1300","147","1911","100"
"216,5","0,4","E","1300","222","2886","100"
"216,5","0,5","E","1300","222","2886","100"
"216,5","0,6","E","1300","222","2886","100"
"216,5","0,7","E","1300","222","2886","100"
"216,5","0,8","E","1300","222","2886","100"
"216,5","0,9","E","1300","222","2886","100"
"217,8","0,0","P","1300","136","1768","100"
"217,8","0,1","P","1300","136","1768","100"
"217,8","0,10","E","1300","206","2678","100"
"217,8","0,11","E","1300","206","2678","100"
"217,8","0,2","P","1300","136","1768","100"
"217,8","0,3","P","1300","136","1768","100"
"217,8","0,4","E","1300","207","2691","100"
"217,8","0,5","E","1300","207","2691","100"
"217,8","0,6","E","1300","207","2691","100"
"217,8","0,7","E","1300","207","2691","100"
"217,8","0,8","E","1300","206","2678","100"
"217,8","0,9","E","1300","206","2678","100"
"219,1","0,0","P","1300","145","1885","100"
"219,1","0,1","P","1300","145","1885","100"
"219,1","0,10","E","1300","219","2847","100"
"219,1","0,11","E","1300","219","2847","100"
"219,1","0,2","P","1300","145","1885","100"
"219,1","0,3","P","1300","145","1885","100"
"219,1","0,4","E","1300","219","2847","100"
"219,1","0,5","E","1300","219","2847","100"
"219,1","0,6","E","1300","219","2847","100"
"219,1","0,7","E","1300","219","2847","100"
"219,1","0,8","E","1300","219","2847","100"
"219,1","0,9","E","1300","219","2847","100"
"220,4","0,0","P","1300","131","1703","100"
"220,4","0,1","P","1300","131","1703","100"
"220,4","0,10","E","1300","206","2678","100"
"220,4","0,11","E","1300","206","2678","100"
"220,4","0,2","P","1300","131","1703","100"
"220,4","0,3","P","1300","131","1703","100"
"220,4","0,4","E","1300","205","2665","100"
"220,4","0,5","E","1300","205","2665","100"
"220,4","0,6","E","1300","205","2665","100"
"220,4","0,7","E","1300","205","2665","100"
"220,4","0,8","E","1300","206","2678","100"
"220,4","0,9","E","1300","206","2678","100"
"221,6","0,0","P","1300","142","1846","100"
"221,6","0,1","P","1300","142","1846","100"
"221,6","0,10","E","1300","213","2769","100"
"221,6","0,11","E","1300","213","2769","100"
"221,6","0,2","P","1300","142","1846","100"
"221,6","0,3","P","1300","142","1846","100"
"221,6","0,4","E","1300","215","2795","100"
"221,6","0,5","E","1300","215","2795","100"
"221,6","0,6","E","1300","215","2795","100"
"221,6","0,7","E","1300","215","2795","100"
"221,6","0,8","E","1300","213","2769","100"
"221,6","0,9","E","1300","213","2769","100"
"222,9","0,0","P","1300","131","1703","100"
"222,9","0,1","P","1300","131","1703","100"
"222,9","0,10","E","1300","206","2678","100"
"222,9","0,11","E","1300","206","2678","100"
"222,9","0,2","P","1300","131","1703","100"
"222,9","0,3","P","1300","131","1703","100"
"222,9","0,4","E","1300","205","2665","100"
"222,9","0,5","E","1300","205","2665","100"
"222,9","0,6","E","1300","205","2665","100"
"222,9","0,7","E","1300","205","2665","100"
"222,9","0,8","E","1300","206","2678","100"
"222,9","0,9","E","1300","206","2678","100"
"224,2","0,0","P","1300","135","1755","100"
"224,2","0,1","P","1300","135","1755","100"
"224,2","0,10","E","1300","207","2691","100"
"224,2","0,11","E","1300","207","2691","100"
"224,2","0,2","P","1300","135","1755","100"
"224,2","0,3","P","1300","135","1755","100"
"224,2","0,4","E","1300","206","2678","100"
"224,2","0,5","E","1300","206","2678","100"
"224,2","0,6","E","1300","206","2678","100"
"224,2","0,7","E","1300","206","2678","100"
"224,2","0,8","E","1300","207","2691","100"
"224,2","0,9","E","1300","207","2691","100"
"225,5","0,0","P","1300","137","1781","100"
"225,5","0,1","P","1300","137","1781","100"
"225,5","0,10","E","1300","210","2730","100"
"225,5","0,11","E","1300","210","2730","100"
"225,5","0,2","P","1300","137","1781","100"
"225,5","0,3","P","1300","137","1781","100"
"225,5","0,4","E","1300","211","2743","100"
"225,5","0,5","E","1300","211","2743","100"
"225,5","0,6","E","1300","211","2743","100"
"225,5","0,7","E","1300","211","2743","100"
"225,5","0,8","E","1300","210","2730","100"
"225,5","0,9","E","1300","210","2730","100"
"226,7","0,0","P","1300","134","1742","100"
"226,7","0,1","P","1300","134","1742","100"
"226,7","0,10","E","1300","207","2691","100"
"226,7","0,11","E","1300","207","2691","100"
"226,7","0,2","P","1300","134","1742","100"
"226,7","0,3","P","1300","134","1742","100"
"226,7","0,4","E","1300","207","2691","100"
"226,7","0,5","E","1300","207","2691","100"
"226,7","0,6","E","1300","207","2691","100"
"226,7","0,7","E","1300","207","2691","100"
"226,7","0,8","E","1300","207","2691","100"
"226,7","0,9","E","1300","207","2691","100"
"228","0,0","P","1300","131","1703","100"
"228","0,1","P","1300","131","1703","100"
"228","0,10","E","1300","207","2691","100"
"228","0,11","E","1300","207","2691","100"
"228","0,2","P","1300","131","1703","100"
"228","0,3","P","1300","131","1703","100"
"228","0,4","E","1300","207","2691","100"
"228","0,5","E","1300","207","2691","100"
"228","0,6","E","1300","207","2691","100"
"228","0,7","E","1300","207","2691","100"
"228","0,8","E","1300","207","2691","100"
"228","0,9","E","1300","207","2691","100"
"229,3","0,0","P","1300","131","1703","100"
"229,3","0,1","P","1300","131","1703","100"
"229,3","0,10","E","1300","201","2613","100"
"229,3","0,11","E","1300","201","2613","100"
"229,3","0,2","P","1300","131","1703","100"
"229,3","0,3","P","1300","131","1703","100"
"229,3","0,4","E","1300","201","2613","100"
"229,3","0,5","E","1300","201","2613","100"
"229,3","0,6","E","1300","201","2613","100"
"229,3","0,7","E","1300","201","2613","100"
"229,3","0,8","E","1300","201","2613","100"
"229,3","0,9","E","1300","201","2613","100"
"230,6","0,0","P","1300","131","1703","100"
"230,6","0,1","P","1300","131","1703","100"
"230,6","0,10","E","1300","208","2704","100"
"230,6","0,11","E","1300","208","2704","100"
"230,6","0,2","P","1300","131","1703","100"
"230,6","0,3","P","1300","131","1703","100"
"230,6","0,4","E","1300","207","2691","100"
"230,6","0,5","E","1300","207","2691","100"
"230,6","0,6","E","1300","207","2691","100"
"230,6","0,7","E","1300","207","2691","100"
"230,6","0,8","E","1300","208","2704","100"
"230,6","0,9","E","1300","208","2704","100"
"231,9","0,0","P","1300","131","1703","100"
"231,9","0,1","P","1300","131","1703","100"
"231,9","0,10","E","1300","201","2613","100"
"231,9","0,11","E","1300","201","2613","100"
"231,9","0,2","P","1300","131","1703","100"
"231,9","0,3","P","1300","131","1703","100"
"231,9","0,4","E","1300","202","2626","100"
"231,9","0,5","E","1300","202","2626","100"
"231,9","0,6","E","1300","202","2626","100"
"231,9","0,7","E","1300","202","2626","100"
"231,9","0,8","E","1300","201","2613","100"
"231,9","0,9","E","1300","201","2613","100"
"233,2","0,0","P","1300","141","1833","100"
"233,2","0,1","P","1300","141","1833","100"
"233,2","0,10","E","1300","209","2717","100"
"233,2","0,11","E","1300","209","2717","100"
"233,2","0,2","P","1300","141","1833","100"
"233,2","0,3","P","1300","141","1833","100"
"233,2","0,4","E","1300","209","2717","100"
"233,2","0,5","E","1300","209","2717","100"
"233,2","0,6","E","1300","209","2717","100"
"233,2","0,7","E","1300","209","2717","100"
"233,2","0,8","E","1300","209","2717","100"
"233,2","0,9","E","1300","209","2717","100"
"234,5","0,0","P","1300","131","1703","100"
"234,5","0,1","P","1300","131","1703","100"
"234,5","0,10","E","1300","202","2626","100"
"234,5","0,11","E","1300","202","2626","100"
"234,5","0,2","P","1300","131","1703","100"
"234,5","0,3","P","1300","131","1703","100"
"234,5","0,4","E","1300","200","2600","100"
"234,5","0,5","E","1300","200","2600","100"
"234,5","0,6","E","1300","200","2600","100"
"234,5","0,7","E","1300","200","2600","100"
"234,5","0,8","E","1300","202","2626","100"
"234,5","0,9","E","1300","202","2626","100"
"235,8","0,0","P","1300","131","1703","100"
"235,8","0,1","P","1300","131","1703","100"
"235,8","0,10","E","1300","204","2652","100"
"235,8","0,11","E","1300","204","2652","100"
"235,8","0,2","P","1300","131","1703","100"
"235,8","0,3","P","1300","131","1703","100"
"235,8","0,4","E","1300","204","2652","100"
"235,8","0,5","E","1300","204","2652","100"
"235,8","0,6","E","1300","204","2652","100"
"235,8","0,7","E","1300","204","2652","100"
"235,8","0,8","E","1300","204","2652","100"
"235,8","0,9","E","1300","204","2652","100"
"237,1","0,0","P","1300","137","1781","100"
"237,1","0,1","P","1300","137","1781","100"
"237,1","0,10","E","1300","214","2782","100"
"237,1","0,11","E","1300","214","2782","100"
"237,1","0,2","P","1300","137","1781","100"
"237,1","0,3","P","1300","137","1781","100"
"237,1","0,4","E","1300","214","2782","100"
"237,1","0,5","E","1300","214","2782","100"
"237,1","0,6","E","1300","214","2782","100"
"237,1","0,7","E","1300","214","2782","100"
"237,1","0,8","E","1300","214","2782","100"
"237,1","0,9","E","1300","214","2782","100"
"238,4","0,0","P","1300","131","1703","100"
"238,4","0,1","P","1300","131","1703","100"
"238,4","0,10","E","1300","206","2678","100"
"238,4","0,11","E","1300","206","2678","100"
"238,4","0,2","P","1300","131","1703","100"
"238,4","0,3","P","1300","131","1703","100"
"238,4","0,4","E","1300","202","2626","100"
"238,4","0,5","E","1300","202","2626","100"
"238,4","0,6","E","1300","202","2626","100"
"238,4","0,7","E","1300","202","2626","100"
"238,4","0,8","E","1300","206","2678","100"
"238,4","0,9","E","1300","206","2678","100"
"239,7","0,0","P","1300","140","1820","100"
"239,7","0,1","P","1300","140","1820","100"
"239,7","0,10","E","1300","212","2756","100"
"239,7","0,11","E","1300","212","2756","100"
"239,7","0,2","P","1300","140","1820","100"
"239,7","0,3","P","1300","140","1820","100"
"239,7","0,4","E","1300","212","2756","100"
"239,7","0,5","E","1300","212","2756","100"
"239,7","0,6","E","1300","212","2756","100"
"239,7","0,7","E","1300","212","2756","100"
"239,7","0,8","E","1300","212","2756","100"
"239,7","0,9","E","1300","212","2756","100"
"240,9","0,0","P","1300","131","1703","100"
"240,9","0,1","P","1300","131","1703","100"
"240,9","0,10","E","1300","208","2704","100"
"240,9","0,11","E","1300","208","2704","100"
"240,9","0,2","P","1300","131","1703","100"
"240,9","0,3","P","1300","131","1703","100"
"240,9","0,4","E","1300","210","2730","100"
"240,9","0,5","E","1300","210","2730","100"
"240,9","0,6","E","1300","210","2730","100"
"240,9","0,7","E","1300","210","2730","100"
"240,9","0,8","E","1300","208","2704","100"
"240,9","0,9","E","1300","208","2704","100"
"242,2","0,0","P","1300","142","1846","100"
"242,2","0,1","P","1300","142","1846","100"
"242,2","0,10","E","1300","214","2782","100"
"242,2","0,11","E","1300","214","2782","100"
"242,2","0,2","P","1300","142","1846","100"
"242,2","0,3","P","1300","142","1846","100"
"242,2","0,4","E","1300","215","2795","100"
"242,2","0,5","E","1300","215","2795","100"
"242,2","0,6","E","1300","215","2795","100"
"242,2","0,7","E","1300","215","2795","100"
"242,2","0,8","E","1300","214","2782","100"
"242,2","0,9","E","1300","214","2782","100"
"243,5","0,0","P","1300","131","1703","100"
"243,5","0,1","P","1300","131","1703","100"
"243,5","0,10","E","1300","204","2652","94"
"243,5","0,11","E","1300","204","2652","100"
"243,5","0,2","P","1300","131","1703","100"
"243,5","0,3","P","1300","131","1703","100"
"243,5","0,4","E","1300","201","2613","100"
"243,5","0,5","E","1300","201","2613","100"
"243,5","0,6","E","1300","201","2613","100"
"243,5","0,7","E","1300","201","2613","100"
"243,5","0,8","E","1300","204","2652","100"
"243,5","0,9","E","1300","204","2652","100"
"244,8","0,0","P","1300","132","1716","100"
"244,8","0,1","P","1300","132","1716","100"
"244,8","0,10","E","1300","202","2626","100"
"244,8","0,11","E","1300","202","2626","100"
"244,8","0,2","P","1300","131","1703","100"
"244,8","0,3","P","1300","131","1703","100"
"244,8","0,4","E","1300","202","2626","100"
"244,8","0,5","E","1300","202","2626","100"
"244,8","0,6","E","1300","202","2626","100"
"244,8","0,7","E","1300","202","2626","100"
"244,8","0,8","E","1300","202","2626","100"
"244,8","0,9","E","1300","202","2626","100"
"246","0,0","P","1300","131","1703","100"
"246","0,1","P","1300","131","1703","100"
"246","0,10","E","1300","202","2626","100"
"246","0,11","E","1300","202","2626","100"
"246","0,2","P","1300","131","1703","100"
"246","0,3","P","1300","131","1703","100"
"246","0,4","E","1300","203","2639","100"
"246","0,5","E","1300","203","2639","100"
"246","0,6","E","1300","203","2639","100"
"246","0,7","E","1300","203","2639","100"
"246","0,8","E","1300","202","2626","100"
"246","0,9","E","1300","202","2626","100"
"247,3","0,0","P","1300","131","1703","100"
"247,3","0,1","P","1300","131","1703","100"
"247,3","0,10","E","1300","209","2717","100"
"247,3","0,11","E","1300","209","2717","100"
"247,3","0,2","P","1300","131","1703","100"
"247,3","0,3","P","1300","131","1703","100"
"247,3","0,4","E","1300","207","2691","100"
"247,3","0,5","E","1300","207","2691","100"
"247,3","0,6","E","1300","207","2691","100"
"247,3","0,7","E","1300","207","2691","100"
"247,3","0,8","E","1300","209","2717","100"
"247,3","0,9","E","1300","209","2717","100"
"248,6","0,0","P","1300","139","1807","100"
"248,6","0,1","P","1300","139","1807","100"
"248,6","0,10","E","1300","215","2795","100"
"248,6","0,11","E","1300","215","2795","100"
"248,6","0,2","P","1300","139","1807","100"
"248,6","0,3","P","1300","139","1807","100"
"248,6","0,4","E","1300","215","2795","100"
"248,6","0,5","E","1300","215","2795","100"
"248,6","0,6","E","1300","215","2795","100"
"248,6","0,7","E","1300","215","2795","100"
"248,6","0,8","E","1300","215","2795","100"
"248,6","0,9","E","1300","215","2795","100"
"249,9","0,0","P","1300","132","1716","100"
"249,9","0,1","P","1300","132","1716","100"
"249,9","0,10","E","1300","208","2704","100"
"249,9","0,11","E","1300","208","2704","100"
"249,9","0,2","P","1300","131","1703","100"
"249,9","0,3","P","1300","131","1703","100"
"249,9","0,4","E","1300","208","2704","100"
"249,9","0,5","E","1300","208","2704","100"
"249,9","0,6","E","1300","208","2704","100"
"249,9","0,7","E","1300","208","2704","100"
"249,9","0,8","E","1300","208","2704","100"
"249,9","0,9","E","1300","208","2704","100"
"251,1","0,0","P","1300","131","1703","100"
"251,1","0,1","P","1300","131","1703","100"
"251,1","0,10","E","1300","209","2717","100"
"251,1","0,11","E","1300","209","2717","100"
"251,1","0,2","P","1300","131","1703","100"
"251,1","0,3","P","1300","131","1703","100"
"251,1","0,4","E","1300","206","2678","100"
"251,1","0,5","E","1300","206","2678","100"
"251,1","0,6","E","1300","206","2678","100"
"251,1","0,7","E","1300","206","2678","100"
"251,1","0,8","E","1300","209","2717","100"
"251,1","0,9","E","1300","209","2717","100"
"252,4","0,0","P","1300","139","1807","100"
"252,4","0,1","P","1300","139","1807","100"
"252,4","0,10","E","1300","211","2743","100"
"252,4","0,11","E","1300","211","2743","100"
"252,4","0,2","P","1300","139","1807","100"
"252,4","0,3","P","1300","139","1807","100"
"252,4","0,4","E","1300","210","2730","100"
"252,4","0,5","E","1300","210","2730","100"
"252,4","0,6","E","1300","210","2730","100"
"252,4","0,7","E","1300","210","2730","100"
"252,4","0,8","E","1300","211","2743","100"
"252,4","0,9","E","1300","211","2743","100"
"253,7","0,0","P","1300","131","1703","100"
"253,7","0,1","P","1300","131","1703","100"
"253,7","0,10","E","1300","200","2600","100"
"253,7","0,11","E","1300","200","2600","100"
"253,7","0,2","P","1300","131","1703","100"
"253,7","0,3","P","1300","131","1703","100"
"253,7","0,4","E","1300","201","2613","100"
"253,7","0,5","E","1300","201","2613","100"
"253,7","0,6","E","1300","201","2613","100"
"253,7","0,7","E","1300","201","2613","100"
"253,7","0,8","E","1300","200","2600","100"
"253,7","0,9","E","1300","200","2600","100"
"255","0,0","P","1300","131","1703","100"
"255","0,1","P","1300","131","1703","100"
"255","0,10","E","1300","204","2652","100"
"255","0,11","E","1300","204","2652","100"
"255","0,2","P","1300","131","1703","100"
"255","0,3","P","1300","131","1703","100"
"255","0,4","E","1300","208","2704","100"
"255","0,5","E","1300","208","2704","100"
"255","0,6","E","1300","208","2704","100"
"255","0,7","E","1300","208","2704","100"
"255","0,8","E","1300","204","2652","100"
"255","0,9","E","1300","204","2652","100"
"256,3","0,0","P","1300","140","1820","100"
"256,3","0,1","P","1300","140","1820","100"
"256,3","0,10","E","1300","210","2730","100"
"256,3","0,11","E","1300","210","2730","100"
"256,3","0,2","P","1300","140","1820","100"
"256,3","0,3","P","1300","140","1820","100"
"256,3","0,4","E","1300","210","2730","100"
"256,3","0,5","E","1300","210","2730","100"
"256,3","0,6","E","1300","210","2730","100"
"256,3","0,7","E","1300","210","2730","100"
"256,3","0,8","E","1300","210","2730","100"
"256,3","0,9","E","1300","210","2730","100"
"257,5","0,0","P","1300","131","1703","100"
"257,5","0,1","P","1300","131","1703","100"
"257,5","0,10","E","1300","197","2561","100"
"257,5","0,11","E","1300","197","2561","100"
"257,5","0,2","P","1300","131","1703","100"
"257,5","0,3","P","1300","131","1703","100"
"257,5","0,4","E","1300","197","2561","100"
"257,5","0,5","E","1300","197","2561","100"
"257,5","0,6","E","1300","197","2561","100"
"257,5","0,7","E","1300","197","2561","100"
"257,5","0,8","E","1300","197","2561","100"
"257,5","0,9","E","1300","197","2561","100"
"258,8","0,0","P","1300","131","1703","100"
"258,8","0,1","P","1300","131","1703","100"
"258,8","0,10","E","1300","197","2561","100"
"258,8","0,11","E","1300","197","2561","100"
"258,8","0,2","P","1300","131","1703","100"
"258,8","0,3","P","1300","131","1703","100"
"258,8","0,4","E","1300","197","2561","100"
"258,8","0,5","E","1300","197","2561","100"
"258,8","0,6","E","1300","197","2561","100"
"258,8","0,7","E","1300","197","2561","100"
"258,8","0,8","E","1300","197","2561","100"
"258,8","0,9","E","1300","197","2561","100"
"260,1","0,0","P","1300","131","1703","100"
"260,1","0,1","P","1300","131","1703","100"
"260,1","0,10","E","1300","209","2717","100"
"260,1","0,11","E","1300","209","2717","100"
"260,1","0,2","P","1300","131","1703","100"
"260,1","0,3","P","1300","131","1703","100"
"260,1","0,4","E","1300","209","2717","100"
"260,1","0,5","E","1300","210","2730","100"
"260,1","0,6","E","1300","210","2730","100"
"260,1","0,7","E","1300","210","2730","100"
"260,1","0,8","E","1300","209","2717","100"
"260,1","0,9","E","1300","209","2717","100"
"261,3","0,0","P","1300","131","1703","100"
"261,3","0,1","P","1300","131","1703","100"
"261,3","0,10","E","1300","196","2548","100"
"261,3","0,11","E","1300","196","2548","100"
"261,3","0,2","P","1300","131","1703","100"
"261,3","0,3","P","1300","131","1703","100"
"261,3","0,4","E","1300","195","2535","100"
"261,3","0,5","E","1300","195","2535","100"
"261,3","0,6","E","1300","195","2535","100"
"261,3","0,7","E","1300","195","2535","100"
"261,3","0,8","E","1300","196","2548","100"
"261,3","0,9","E","1300","196","2548","100"
"262,6","0,0","P","1300","131","1703","100"
"262,6","0,1","P","1300","131","1703","100"
"262,6","0,10","E","1300","196","2548","100"
"262,6","0,11","E","1300","196","2548","100"
"262,6","0,2","P","1300","131","1703","100"
"262,6","0,3","P","1300","131","1703","100"
"262,6","0,4","E","1300","196","2548","100"
"262,6","0,5","E","1300","196","2548","100"
"262,6","0,6","E","1300","196","2548","100"
"262,6","0,7","E","1300","196","2548","100"
"262,6","0,8","E","1300","196","2548","100"
"262,6","0,9","E","1300","196","2548","100"
"263,9","0,0","P","1300","131","1703","100"
"263,9","0,1","P","1300","131","1703","100"
"263,9","0,10","E","1300","201","2613","100"
"263,9","0,11","E","1300","201","2613","100"
"263,9","0,2","P","1300","131","1703","100"
"263,9","0,3","P","1300","131","1703","100"
"263,9","0,4","E","1300","201","2613","100"
"263,9","0,5","E","1300","201","2613","100"
"263,9","0,6","E","1300","201","2613","100"
"263,9","0,7","E","1300","201","2613","100"
"263,9","0,8","E","1300","201","2613","100"
"263,9","0,9","E","1300","201","2613","100"
"265,2","0,0","P","1300","131","1703","100"
"265,2","0,1","P","1300","131","1703","100"
"265,2","0,10","E","1300","196","2548","100"
"265,2","0,11","E","1300","196","2548","100"
"265,2","0,2","P","1300","131","1703","100"
"265,2","0,3","P","1300","131","1703","100"
"265,2","0,4","E","1300","198","2574","100"
"265,2","0,5","E","1300","198","2574","100"
"265,2","0,6","E","1300","198","2574","100"
"265,2","0,7","E","1300","198","2574","100"
"265,2","0,8","E","1300","196","2548","100"
"265,2","0,9","E","1300","196","2548","100"
"266,5","0,0","P","1300","131","1703","100"
"266,5","0,1","P","1300","131","1703","100"
"266,5","0,10","E","1300","195","2535","100"
"266,5","0,11","E","1300","195","2535","100"
"266,5","0,2","P","1300","131","1703","100"
"266,5","0,3","P","1300","131","1703","100"
"266,5","0,4","E","1300","196","2548","100"
"266,5","0,5","E","1300","196","2548","100"
"266,5","0,6","E","1300","196","2548","100"
"266,5","0,7","E","1300","196","2548","100"
"266,5","0,8","E","1300","195","2535","100"
"266,5","0,9","E","1300","195","2535","100"
"267,8","0,0","P","1300","134","1742","100"
"267,8","0,1","P","1300","134","1742","100"
"267,8","0,10","E","1300","200","2600","100"
"267,8","0,11","E","1300","200","2600","100"
"267,8","0,2","P","1300","133","1729","100"
"267,8","0,3","P","1300","133","1729","100"
"267,8","0,4","E","1300","200","2600","100"
"267,8","0,5","E","1300","200","2600","100"
"267,8","0,6","E","1300","200","2600","100"
"267,8","0,7","E","1300","200","2600","100"
"267,8","0,8","E","1300","200","2600","100"
"267,8","0,9","E","1300","200","2600","100"
"269,1","0,0","P","1300","131","1703","100"
"269,1","0,1","P","1300","131","1703","100"
"269,1","0,10","E","1300","207","2691","100"
"269,1","0,11","E","1300","207","2691","100"
"269,1","0,2","P","1300","131","1703","100"
"269,1","0,3","P","1300","131","1703","100"
"269,1","0,4","E","1300","206","2678","100"
"269,1","0,5","E","1300","206","2678","100"
"269,1","0,6","E","1300","206","2678","100"
"269,1","0,7","E","1300","206","2678","100"
"269,1","0,8","E","1300","207","2691","100"
"269,1","0,9","E","1300","207","2691","100"
"270,3","0,0","P","1300","130","1690","100"
"270,3","0,1","P","1300","130","1690","100"
"270,3","0,10","E","1300","195","2535","100"
"270,3","0,11","E","1300","195","2535","100"
"270,3","0,2","P","1300","130","1690","100"
"270,3","0,3","P","1300","130","1690","100"
"270,3","0,4","E","1300","195","2535","100"
"270,3","0,5","E","1300","195","2535","100"
"270,3","0,6","E","1300","195","2535","100"
"270,3","0,7","E","1300","195","2535","100"
"270,3","0,8","E","1300","195","2535","100"
"270,3","0,9","E","1300","195","2535","100"
"271,7","0,0","P","1300","131","1703","100"
"271,7","0,1","P","1300","131","1703","100"
"271,7","0,10","E","1300","197","2561","100"
"271,7","0,11","E","1300","197","2561","100"
"271,7","0,2","P","1300","131","1703","100"
"271,7","0,3","P","1300","131","1703","100"
"271,7","0,4","E","1300","200","2600","100"
"271,7","0,5","E","1300","200","2600","100"
"271,7","0,6","E","1300","200","2600","100"
"271,7","0,7","E","1300","200","2600","100"
"271,7","0,8","E","1300","197","2561","100"
"271,7","0,9","E","1300","197","2561","100"
"273","0,0","P","1300","131","1703","100"
"273","0,1","P","1300","132","1716","100"
"273","0,10","E","1300","211","2743","100"
"273","0,11","E","1300","211","2743","100"
"273","0,2","P","1300","131","1703","100"
"273","0,3","P","1300","131","1703","100"
"273","0,4","E","1300","211","2743","100"
"273","0,5","E","1300","211","2743","100"
"273","0,6","E","1300","211","2743","100"
"273","0,7","E","1300","211","2743","100"
"273","0,8","E","1300","211","2743","100"
"273","0,9","E","1300","211","2743","100"
"274,3","0,0","P","1300","130","1690","100"
"274,3","0,1","P","1300","129","1677","100"
"274,3","0,10","E","1300","195","2535","100"
"274,3","0,11","E","1300","195","2535","100"
"274,3","0,2","P","1300","130","1690","100"
"274,3","0,3","P","1300","130","1690","100"
"274,3","0,4","E","1300","194","2522","100"
"274,3","0,5","E","1300","194","2522","100"
"274,3","0,6","E","1300","194","2522","100"
"274,3","0,7","E","1300","194","2522","100"
"274,3","0,8","E","1300","195","2535","100"
"274,3","0,9","E","1300","195","2535","100"
"275,6","0,0","P","1300","132","1716","100"
"275,6","0,1","P","1300","132","1716","100"
"275,6","0,10","E","1300","198","2574","100"
"275,6","0,11","E","1300","198","2574","100"
"275,6","0,2","P","1300","131","1703","100"
"275,6","0,3","P","1300","131","1703","100"
"275,6","0,4","E","1300","199","2587","100"
"275,6","0,5","E","1300","199","2587","100"
"275,6","0,6","E","1300","199","2587","100"
"275,6","0,7","E","1300","199","2587","100"
"275,6","0,8","E","1300","198","2574","100"
"275,6","0,9","E","1300","198","2574","100"
"276,9","0,0","P","1300","131","1703","100"
"276,9","0,1","P","1300","131","1703","100"
"276,9","0,10","E","1300","202","2626","100"
"276,9","0,11","E","1300","202","2626","100"
"276,9","0,2","P","1300","131","1703","100"
"276,9","0,3","P","1300","131","1703","100"
"276,9","0,4","E","1300","200","2600","100"
"276,9","0,5","E","1300","201","2613","100"
"276,9","0,6","E","1300","201","2613","100"
"276,9","0,7","E","1300","202","2626","100"
"276,9","0,8","E","1300","202","2626","100"
"276,9","0,9","E","1300","202","2626","100"
"278,5","0,0","P","1300","134","1742","100"
"278,5","0,1","P","1300","134","1742","100"
"278,5","0,10","E","1300","209","2717","100"
"278,5","0,11","E","1300","209","2717","100"
"278,5","0,2","P","1300","134","1742","100"
"278,5","0,3","P","1300","134","1742","100"
"278,5","0,4","E","1300","212","2756","100"
"278,5","0,5","E","1300","213","2769","100"
"278,5","0,6","E","1300","213","2769","100"
"278,5","0,7","E","1300","212","2756","100"
"278,5","0,8","E","1300","211","2743","100"
"278,5","0,9","E","1300","210","2730","100"
"279,8","0,0","P","1300","129","1677","100"
"279,8","0,1","P","1300","129","1677","100"
"279,8","0,10","E","1300","196","2548","100"
"279,8","0,11","E","1300","196","2548","100"
"279,8","0,2","P","1300","130","1690","100"
"279,8","0,3","P","1300","130","1690","100"
"279,8","0,4","E","1300","195","2535","100"
"279,8","0,5","E","1300","195","2535","100"
"279,8","0,6","E","1300","195","2535","100"
"279,8","0,7","E","1300","195","2535","100"
"279,8","0,8","E","1300","196","2548","100"
"279,8","0,9","E","1300","196","2548","100"
"281,1","0,0","P","1300","130","1690","100"
"281,1","0,1","P","1300","130","1690","100"
"281,1","0,10","E","1300","197","2561","100"
"281,1","0,11","E","1300","197","2561","100"
"281,1","0,2","P","1300","130","1690","100"
"281,1","0,3","P","1300","130","1690","100"
"281,1","0,4","E","1300","196","2548","100"
"281,1","0,5","E","1300","196","2548","100"
"281,1","0,6","E","1300","196","2548","100"
"281,1","0,7","E","1300","196","2548","100"
"281,1","0,8","E","1300","197","2561","100"
"281,1","0,9","E","1300","197","2561","100"
"282,4","0,0","P","1300","130","1690","100"
"282,4","0,1","P","1300","130","1690","100"
"282,4","0,10","E","1300","196","2548","100"
"282,4","0,11","E","1300","196","2548","100"
"282,4","0,2","P","1300","130","1690","100"
"282,4","0,3","P","1300","130","1690","100"
"282,4","0,4","E","1300","196","2548","100"
"282,4","0,5","E","1300","196","2548","100"
"282,4","0,6","E","1300","196","2548","100"
"282,4","0,7","E","1300","196","2548","100"
"282,4","0,8","E","1300","196","2548","100"
"282,4","0,9","E","1300","196","2548","100"
"283,7","0,0","P","1300","131","1703","100"
"283,7","0,1","P","1300","131","1703","100"
"283,7","0,10","E","1300","203","2639","100"
"283,7","0,11","E","1300","203","2639","100"
"283,7","0,2","P","1300","131","1703","100"
"283,7","0,3","P","1300","131","1703","100"
"283,7","0,4","E","1300","200","2600","100"
"283,7","0,5","E","1300","200","2600","100"
"283,7","0,6","E","1300","200","2600","100"
"283,7","0,7","E","1300","200","2600","100"
"283,7","0,8","E","1300","203","2639","100"
"283,7","0,9","E","1300","203","2639","100"
"285","0,0","P","1300","131","1703","100"
"285","0,1","P","1300","131","1703","100"
"285","0,10","E","1300","198","2574","100"
"285","0,11","E","1300","198","2574","100"
"285","0,2","P","1300","131","1703","100"
"285","0,3","P","1300","131","1703","100"
"285","0,4","E","1300","198","2574","100"
"285","0,5","E","1300","199","2587","100"
"285","0,6","E","1300","199","2587","100"
"285","0,7","E","1300","199","2587","100"
"285","0,8","E","1300","198","2574","100"
"285","0,9","E","1300","198","2574","100"
"286,3","0,0","P","1300","130","1690","100"
"286,3","0,1","P","1300","130","1690","100"
"286,3","0,10","E","1300","203","2639","100"
"286,3","0,11","E","1300","203","2639","100"
"286,3","0,2","P","1300","131","1703","100"
"286,3","0,3","P","1300","131","1703","100"
"286,3","0,4","E","1300","198","2574","100"
"286,3","0,5","E","1300","198","2574","100"
"286,3","0,6","E","1300","197","2561","100"
"286,3","0,7","E","1300","197","2561","100"
"286,3","0,8","E","1300","203","2639","100"
"286,3","0,9","E","1300","203","2639","100"
"287,7","0,0","P","1300","126","1638","100"
"287,7","0,1","P","1300","126","1638","100"
"287,7","0,10","E","1300","191","2483","100"
"287,7","0,11","E","1300","191","2483","100"
"287,7","0,2","P","1300","126","1638","100"
"287,7","0,3","P","1300","126","1638","100"
"287,7","0,4","E","1300","190","2470","100"
"287,7","0,5","E","1300","190","2470","100"
"287,7","0,6","E","1300","190","2470","100"
"287,7","0,7","E","1300","190","2470","100"
"287,7","0,8","E","1300","191","2483","100"
"287,7","0,9","E","1300","191","2483","100"
"289","0,0","P","1300","125","1625","100"
"289","0,1","P","1300","125","1625","100"
"289","0,10","E","1300","188","2444","100"
"289","0,11","E","1300","188","2444","100"
"289","0,2","P","1300","125","1625","100"
"289","0,3","P","1300","125","1625","100"
"289","0,4","E","1300","187","2431","100"
"289","0,5","E","1300","187","2431","100"
"289","0,6","E","1300","187","2431","100"
"289","0,7","E","1300","187","2431","100"
"289","0,8","E","1300","188","2444","100"
"289","0,9","E","1300","188","2444","100"
"290,3","0,0","P","1300","127","1651","100"
"290,3","0,1","P","1300","127","1651","100"
"290,3","0,10","E","1300","191","2483","100"
"290,3","0,11","E","1300","191","2483","100"
"290,3","0,2","P","1300","127","1651","100"
"290,3","0,3","P","1300","127","1651","100"
"290,3","0,4","E","1300","188","2444","100"
"290,3","0,5","E","1300","188","2444","100"
"290,3","0,6","E","1300","188","2444","100"
"290,3","0,7","E","1300","188","2444","100"
"290,3","0,8","E","1300","191","2483","100"
"290,3","0,9","E","1300","191","2483","100"
"291,6","0,0","P","1300","127","1651","100"
"291,6","0,1","P","1300","127","1651","100"
"291,6","0,10","E","1300","190","2470","100"
"291,6","0,11","E","1300","190","2470","100"
"291,6","0,2","P","1300","126","1638","100"
"291,6","0,3","P","1300","126","1638","100"
"291,6","0,4","E","1300","187","2431","100"
"291,6","0,5","E","1300","187","2431","100"
"291,6","0,6","E","1300","187","2431","100"
"291,6","0,7","E","1300","187","2431","100"
"291,6","0,8","E","1300","190","2470","100"
"291,6","0,9","E","1300","190","2470","100"
"292,9","0,0","P","1300","129","1677","100"
"292,9","0,1","P","1300","129","1677","100"
"292,9","0,10","E","1300","193","2509","100"
"292,9","0,11","E","1300","193","2509","100"
"292,9","0,2","P","1300","129","1677","100"
"292,9","0,3","P","1300","129","1677","100"
"292,9","0,4","E","1300","191","2483","100"
"292,9","0,5","E","1300","191","2483","100"
"292,9","0,6","E","1300","191","2483","100"
"292,9","0,7","E","1300","191","2483","100"
"292,9","0,8","E","1300","193","2509","100"
"292,9","0,9","E","1300","193","2509","100"
"294,2","0,0","P","1300","129","1677","100"
"294,2","0,1","P","1300","129","1677","100"
"294,2","0,10","E","1300","194","2522","100"
"294,2","0,11","E","1300","194","2522","100"
"294,2","0,2","P","1300","129","1677","100"
"294,2","0,3","P","1300","129","1677","100"
"294,2","0,4","E","1300","191","2483","100"
"294,2","0,5","E","1300","191","2483","100"
"294,2","0,6","E","1300","191","2483","100"
"294,2","0,7","E","1300","191","2483","100"
"294,2","0,8","E","1300","194","2522","100"
"294,2","0,9","E","1300","194","2522","100"
"295,5","0,0","P","1300","130","1690","100"
"295,5","0,1","P","1300","130","1690","100"
"295,5","0,10","E","1300","195","2535","100"
"295,5","0,11","E","1300","195","2535","100"
"295,5","0,2","P","1300","130","1690","100"
"295,5","0,3","P","1300","130","1690","100"
"295,5","0,4","E","1300","194","2522","100"
"295,5","0,5","E","1300","194","2522","100"
"295,5","0,6","E","1300","194","2522","100"
"295,5","0,7","E","1300","194","2522","100"
"295,5","0,8","E","1300","195","2535","100"
"295,5","0,9","E","1300","195","2535","100"
"296,9","0,0","P","1300","126","1638","100"
"296,9","0,1","P","1300","126","1638","100"
"296,9","0,10","E","1300","190","2470","100"
"296,9","0,11","E","1300","190","2470","100"
"296,9","0,2","P","1300","125","1625","100"
"296,9","0,3","P","1300","125","1625","100"
"296,9","0,4","E","1300","186","2418","100"
"296,9","0,5","E","1300","186","2418","100"
"296,9","0,6","E","1300","186","2418","100"
"296,9","0,7","E","1300","186","2418","100"
"296,9","0,8","E","1300","190","2470","100"
"296,9","0,9","E","1300","190","2470","100"
"298,2","0,0","P","1300","130","1690","100"
"298,2","0,1","P","1300","130","1690","100"
"298,2","0,10","E","1300","194","2522","100"
"298,2","0,11","E","1300","194","2522","100"
"298,2","0,2","P","1300","130","1690","100"
"298,2","0,3","P","1300","130","1690","100"
"298,2","0,4","E","1300","192","2496","100"
"298,2","0,5","E","1300","192","2496","100"
"298,2","0,6","E","1300","192","2496","100"
"298,2","0,7","E","1300","192","2496","100"
"298,2","0,8","E","1300","194","2522","100"
"298,2","0,9","E","1300","194","2522","100"
"299,5","0,0","P","1300","129","1677","100"
"299,5","0,1","P","1300","129","1677","100"
"299,5","0,10","E","1300","194","2522","100"
"299,5","0,11","E","1300","194","2522","100"
"299,5","0,2","P","1300","129","1677","100"
"299,5","0,3","P","1300","129","1677","100"
"299,5","0,4","E","1300","191","2483","100"
"299,5","0,5","E","1300","191","2483","100"
"299,5","0,6","E","1300","191","2483","100"
"299,5","0,7","E","1300","191","2483","100"
"299,5","0,8","E","1300","194","2522","100"
"299,5","0,9","E","1300","194","2522","100"
"300,8","0,0","P","1300","128","1664","100"
"300,8","0,1","P","1300","128","1664","100"
"300,8","0,10","E","1300","191","2483","100"
"300,8","0,11","E","1300","191","2483","100"
"300,8","0,2","P","1300","128","1664","100"
"300,8","0,3","P","1300","128","1664","100"
"300,8","0,4","E","1300","189","2457","100"
"300,8","0,5","E","1300","189","2457","100"
"300,8","0,6","E","1300","189","2457","100"
"300,8","0,7","E","1300","189","2457","100"
"300,8","0,8","E","1300","191","2483","100"
"300,8","0,9","E","1300","191","2483","100"
"302,2","0,0","P","1300","123","1599","100"
"302,2","0,1","P","1300","123","1599","100"
"302,2","0,10","E","1300","184","2392","100"
"302,2","0,11","E","1300","183","2379","100"
"302,2","0,2","P","1300","123","1599","100"
"302,2","0,3","P","1300","123","1599","100"
"302,2","0,4","E","1300","186","2418","100"
"302,2","0,5","E","1300","186","2418","100"
"302,2","0,6","E","1300","186","2418","100"
"302,2","0,7","E","1300","186","2418","100"
"302,2","0,8","E","1300","184","2392","100"
"302,2","0,9","E","1300","184","2392","100"
"303,5","0,0","P","1300","128","1664","100"
"303,5","0,1","P","1300","128","1664","100"
"303,5","0,10","E","1300","190","2470","100"
"303,5","0,11","E","1300","190","2470","100"
"303,5","0,2","P","1300","128","1664","100"
"303,5","0,3","P","1300","128","1664","100"
"303,5","0,4","E","1300","189","2457","100"
"303,5","0,5","E","1300","189","2457","100"
"303,5","0,6","E","1300","189","2457","100"
"303,5","0,7","E","1300","189","2457","100"
"303,5","0,8","E","1300","190","2470","100"
"303,5","0,9","E","1300","190","2470","100"
"304,8","0,0","P","1300","129","1677","100"
"304,8","0,1","P","1300","129","1677","100"
"304,8","0,10","E","1300","194","2522","100"
"304,8","0,11","E","1300","194","2522","100"
"304,8","0,2","P","1300","129","1677","100"
"304,8","0,3","P","1300","129","1677","100"
"304,8","0,4","E","1300","186","2418","100"
"304,8","0,5","E","1300","186","2418","100"
"304,8","0,6","E","1300","186","2418","100"
"304,8","0,7","E","1300","186","2418","100"
"304,8","0,8","E","1300","194","2522","100"
"304,8","0,9","E","1300","194","2522","100"
"306,1","0,0","P","1300","128","1664","100"
"306,1","0,1","P","1300","128","1664","100"
"306,1","0,10","E","1300","196","2548","100"
"306,1","0,11","E","1300","197","2561","100"
"306,1","0,2","P","1300","128","1664","100"
"306,1","0,3","P","1300","128","1664","100"
"306,1","0,4","E","1300","192","2496","100"
"306,1","0,5","E","1300","192","2496","100"
"306,1","0,6","E","1300","192","2496","100"
"306,1","0,7","E","1300","192","2496","100"
"306,1","0,8","E","1300","195","2535","100"
"306,1","0,9","E","1300","196","2548","100"
"307,4","0,0","P","1300","131","1703","100"
"307,4","0,1","P","1300","131","1703","100"
"307,4","0,10","E","1300","200","2600","100"
"307,4","0,11","E","1300","200","2600","100"
"307,4","0,2","P","1300","131","1703","100"
"307,4","0,3","P","1300","131","1703","100"
"307,4","0,4","E","1300","199","2587","100"
"307,4","0,5","E","1300","199","2587","100"
"307,4","0,6","E","1300","199","2587","100"
"307,4","0,7","E","1300","199","2587","100"
"307,4","0,8","E","1300","200","2600","100"
"307,4","0,9","E","1300","200","2600","100"
"308,7","0,0","P","1300","131","1703","100"
"308,7","0,1","P","1300","131","1703","100"
"308,7","0,10","E","1300","198","2574","100"
"308,7","0,11","E","1300","198","2574","100"
"308,7","0,2","P","1300","131","1703","100"
"308,7","0,3","P","1300","131","1703","100"
"308,7","0,4","E","1300","199","2587","100"
"308,7","0,5","E","1300","199","2587","100"
"308,7","0,6","E","1300","199","2587","100"
"308,7","0,7","E","1300","199","2587","100"
"308,7","0,8","E","1300","198","2574","100"
"308,7","0,9","E","1300","198","2574","100"
"310","0,0","P","1300","130","1690","100"
"310","0,1","P","1300","130","1690","100"
"310","0,10","E","1300","196","2548","100"
"310","0,11","E","1300","196","2548","100"
"310","0,2","P","1300","130","1690","100"
"310","0,3","P","1300","130","1690","100"
"310","0,4","E","1300","196","2548","100"
"310","0,5","E","1300","196","2548","100"
"310","0,6","E","1300","196","2548","100"
"310","0,7","E","1300","196","2548","100"
"310","0,8","E","1300","196","2548","100"
"310","0,9","E","1300","196","2548","100"
"311,3","0,0","P","1300","129","1677","100"
"311,3","0,1","P","1300","129","1677","100"
"311,3","0,10","E","1300","194","2522","100"
"311,3","0,11","E","1300","194","2522","100"
"311,3","0,2","P","1300","129","1677","100"
"311,3","0,3","P","1300","129","1677","100"
"311,3","0,4","E","1300","194","2522","100"
"311,3","0,5","E","1300","194","2522","100"
"311,3","0,6","E","1300","194","2522","100"
"311,3","0,7","E","1300","194","2522","100"
"311,3","0,8","E","1300","194","2522","100"
"311,3","0,9","E","1300","194","2522","100"
"312,5","0,0","P","1300","125","1625","100"
"312,5","0,1","P","1300","125","1625","100"
"312,5","0,10","E","1300","189","2457","100"
"312,5","0,11","E","1300","189","2457","100"
"312,5","0,2","P","1300","125","1625","100"
"312,5","0,3","P","1300","125","1625","100"
"312,5","0,4","E","1300","189","2457","100"
"312,5","0,5","E","1300","189","2457","100"
"312,5","0,6","E","1300","189","2457","100"
"312,5","0,7","E","1300","189","2457","100"
"312,5","0,8","E","1300","189","2457","100"
"312,5","0,9","E","1300","189","2457","100"
"313,9","0,0","P","1300","131","1703","100"
"313,9","0,1","P","1300","131","1703","100"
"313,9","0,10","E","1300","199","2587","100"
"313,9","0,11","E","1300","199","2587","100"
"313,9","0,2","P","1300","131","1703","100"
"313,9","0,3","P","1300","131","1703","100"
"313,9","0,4","E","1300","199","2587","100"
"313,9","0,5","E","1300","199","2587","100"
"313,9","0,6","E","1300","199","2587","100"
"313,9","0,7","E","1300","199","2587","100"
"313,9","0,8","E","1300","199","2587","100"
"313,9","0,9","E","1300","199","2587","100"
"315,2","0,0","P","1300","131","1703","100"
"315,2","0,1","P","1300","131","1703","100"
"315,2","0,10","E","1300","202","2626","100"
"315,2","0,11","E","1300","202","2626","100"
"315,2","0,2","P","1300","133","1729","100"
"315,2","0,3","P","1300","133","1729","100"
"315,2","0,4","E","1300","202","2626","100"
"315,2","0,5","E","1300","202","2626","100"
"315,2","0,6","E","1300","202","2626","100"
"315,2","0,7","E","1300","202","2626","100"
"315,2","0,8","E","1300","202","2626","100"
"315,2","0,9","E","1300","202","2626","100"
"316,5","0,0","P","1300","137","1781","100"
"316,5","0,1","P","1300","137","1781","100"
"316,5","0,10","E","1300","206","2678","100"
"316,5","0,11","E","1300","206","2678","100"
"316,5","0,2","P","1300","137","1781","100"
"316,5","0,3","P","1300","137","1781","100"
"316,5","0,4","E","1300","210","2730","100"
"316,5","0,5","E","1300","210","2730","100"
"316,5","0,6","E","1300","210","2730","100"
"316,5","0,7","E","1300","210","2730","100"
"316,5","0,8","E","1300","206","2678","100"
"316,5","0,9","E","1300","206","2678","100"
"317,9","0,0","P","1300","131","1703","100"
"317,9","0,1","P","1300","131","1703","100"
"317,9","0,10","E","1300","198","2574","100"
"317,9","0,11","E","1300","198","2574","100"
"317,9","0,2","P","1300","132","1716","100"
"317,9","0,3","P","1300","132","1716","100"
"317,9","0,4","E","1300","200","2600","100"
"317,9","0,5","E","1300","200","2600","100"
"317,9","0,6","E","1300","200","2600","100"
"317,9","0,7","E","1300","200","2600","100"
"317,9","0,8","E","1300","198","2574","100"
"317,9","0,9","E","1300","198","2574","100"
"319,2","0,0","P","1300","129","1677","100"
"319,2","0,1","P","1300","129","1677","100"
"319,2","0,10","E","1300","194","2522","100"
"319,2","0,11","E","1300","194","2522","100"
"319,2","0,2","P","1300","129","1677","100"
"319,2","0,3","P","1300","129","1677","100"
"319,2","0,4","E","1300","194","2522","100"
"319,2","0,5","E","1300","194","2522","100"
"319,2","0,6","E","1300","194","2522","100"
"319,2","0,7","E","1300","194","2522","100"
"319,2","0,8","E","1300","194","2522","100"
"319,2","0,9","E","1300","194","2522","100"
"320,5","0,0","P","1300","131","1703","100"
"320,5","0,1","P","1300","131","1703","100"
"320,5","0,10","E","1300","200","2600","100"
"320,5","0,11","E","1300","200","2600","100"
"320,5","0,2","P","1300","131","1703","100"
"320,5","0,3","P","1300","131","1703","100"
"320,5","0,4","E","1300","198","2574","100"
"320,5","0,5","E","1300","198","2574","100"
"320,5","0,6","E","1300","198","2574","100"
"320,5","0,7","E","1300","198","2574","100"
"320,5","0,8","E","1300","200","2600","100"
"320,5","0,9","E","1300","200","2600","100"
"321,8","0,0","P","1300","127","1651","100"
"321,8","0,1","P","1300","127","1651","100"
"321,8","0,10","E","1300","192","2496","100"
"321,8","0,11","E","1300","192","2496","100"
"321,8","0,2","P","1300","127","1651","100"
"321,8","0,3","P","1300","127","1651","100"
"321,8","0,4","E","1300","192","2496","100"
"321,8","0,5","E","1300","192","2496","100"
"321,8","0,6","E","1300","192","2496","100"
"321,8","0,7","E","1300","192","2496","100"
"321,8","0,8","E","1300","192","2496","100"
"321,8","0,9","E","1300","192","2496","100"
"323,1","0,0","P","1300","127","1651","100"
"323,1","0,1","P","1300","127","1651","100"
"323,1","0,10","E","1300","185","2405","100"
"323,1","0,11","E","1300","185","2405","100"
"323,1","0,2","P","1300","128","1664","100"
"323,1","0,3","P","1300","128","1664","100"
"323,1","0,4","E","1300","191","2483","100"
"323,1","0,5","E","1300","191","2483","100"
"323,1","0,6","E","1300","191","2483","100"
"323,1","0,7","E","1300","191","2483","100"
"323,1","0,8","E","1300","185","2405","100"
"323,1","0,9","E","1300","185","2405","100"
"324,3","0,0","P","1300","128","1664","100"
"324,3","0,1","P","1300","128","1664","100"
"324,3","0,10","E","1300","194","2522","100"
"324,3","0,11","E","1300","194","2522","100"
"324,3","0,2","P","1300","129","1677","100"
"324,3","0,3","P","1300","129","1677","100"
"324,3","0,4","E","1300","193","2509","100"
"324,3","0,5","E","1300","193","2509","100"
"324,3","0,6","E","1300","193","2509","100"
"324,3","0,7","E","1300","193","2509","100"
"324,3","0,8","E","1300","194","2522","100"
"324,3","0,9","E","1300","194","2522","100"
"325,6","0,0","P","1300","128","1664","100"
"325,6","0,1","P","1300","128","1664","100"
"325,6","0,10","E","1300","194","2522","100"
"325,6","0,11","E","1300","194","2522","100"
"325,6","0,2","P","1300","128","1664","100"
"325,6","0,3","P","1300","128","1664","100"
"325,6","0,4","E","1300","193","2509","100"
"325,6","0,5","E","1300","193","2509","100"
"325,6","0,6","E","1300","193","2509","100"
"325,6","0,7","E","1300","193","2509","100"
"325,6","0,8","E","1300","194","2522","100"
"325,6","0,9","E","1300","194","2522","100"
"326,9","0,0","P","1300","130","1690","100"
"326,9","0,1","P","1300","130","1690","100"
"326,9","0,10","E","1300","197","2561","100"
"326,9","0,11","E","1300","197","2561","100"
"326,9","0,2","P","1300","130","1690","100"
"326,9","0,3","P","1300","130","1690","100"
"326,9","0,4","E","1300","193","2509","100"
"326,9","0,5","E","1300","193","2509","100"
"326,9","0,6","E","1300","193","2509","100"
"326,9","0,7","E","1300","193","2509","100"
"326,9","0,8","E","1300","197","2561","100"
"326,9","0,9","E","1300","197","2561","100"
"328,2","0,0","P","1300","126","1638","100"
"328,2","0,1","P","1300","126","1638","100"
"328,2","0,10","E","1300","191","2483","100"
"328,2","0,11","E","1300","191","2483","100"
"328,2","0,2","P","1300","126","1638","100"
"328,2","0,3","P","1300","126","1638","100"
"328,2","0,4","E","1300","191","2483","100"
"328,2","0,5","E","1300","191","2483","100"
"328,2","0,6","E","1300","191","2483","100"
"328,2","0,7","E","1300","191","2483","100"
"328,2","0,8","E","1300","191","2483","100"
"328,2","0,9","E","1300","191","2483","100"
"329,5","0,0","P","1300","126","1638","100"
"329,5","0,1","P","1300","126","1638","100"
"329,5","0,10","E","1300","191","2483","100"
"329,5","0,11","E","1300","191","2483","100"
"329,5","0,2","P","1300","126","1638","100"
"329,5","0,3","P","1300","126","1638","100"
"329,5","0,4","E","1300","191","2483","100"
"329,5","0,5","E","1300","191","2483","100"
"329,5","0,6","E","1300","191","2483","100"
"329,5","0,7","E","1300","191","2483","100"
"329,5","0,8","E","1300","191","2483","100"
"329,5","0,9","E","1300","191","2483","100"
"330,8","0,0","P","1300","128","1664","100"
"330,8","0,1","P","1300","128","1664","100"
"330,8","0,10","E","1300","192","2496","100"
"330,8","0,11","E","1300","192","2496","100"
"330,8","0,2","P","1300","128","1664","100"
"330,8","0,3","P","1300","128","1664","100"
"330,8","0,4","E","1300","190","2470","100"
"330,8","0,5","E","1300","190","2470","100"
"330,8","0,6","E","1300","190","2470","100"
"330,8","0,7","E","1300","190","2470","100"
"330,8","0,8","E","1300","192","2496","100"
"330,8","0,9","E","1300","192","2496","100"
"332,1","0,0","P","1300","125","1625","100"
"332,1","0,1","P","1300","125","1625","100"
"332,1","0,10","E","1300","189","2457","100"
"332,1","0,11","E","1300","189","2457","100"
"332,1","0,2","P","1300","125","1625","100"
"332,1","0,3","P","1300","125","1625","100"
"332,1","0,4","E","1300","189","2457","100"
"332,1","0,5","E","1300","189","2457","100"
"332,1","0,6","E","1300","189","2457","100"
"332,1","0,7","E","1300","189","2457","100"
"332,1","0,8","E","1300","189","2457","100"
"332,1","0,9","E","1300","189","2457","100"
"333,3","0,0","P","1300","123","1599","100"
"333,3","0,1","P","1300","123","1599","100"
"333,3","0,10","E","1300","186","2418","100"
"333,3","0,11","E","1300","186","2418","100"
"333,3","0,2","P","1300","123","1599","100"
"333,3","0,3","P","1300","123","1599","100"
"333,3","0,4","E","1300","187","2431","100"
"333,3","0,5","E","1300","187","2431","100"
"333,3","0,6","E","1300","187","2431","100"
"333,3","0,7","E","1300","187","2431","100"
"333,3","0,8","E","1300","186","2418","100"
"333,3","0,9","E","1300","186","2418","100"
"334,6","0,0","P","1300","130","1690","100"
"334,6","0,1","P","1300","130","1690","100"
"334,6","0,10","E","1300","198","2574","100"
"334,6","0,11","E","1300","198","2574","100"
"334,6","0,2","P","1300","131","1703","100"
"334,6","0,3","P","1300","131","1703","100"
"334,6","0,4","E","1300","198","2574","100"
"334,6","0,5","E","1300","198","2574","100"
"334,6","0,6","E","1300","198","2574","100"
"334,6","0,7","E","1300","198","2574","100"
"334,6","0,8","E","1300","198","2574","100"
"334,6","0,9","E","1300","198","2574","100"
"335,9","0,0","P","1300","125","1625","100"
"335,9","0,1","P","1300","126","1638","100"
"335,9","0,10","E","1300","189","2457","100"
"335,9","0,11","E","1300","189","2457","100"
"335,9","0,2","P","1300","126","1638","100"
"335,9","0,3","P","1300","126","1638","100"
"335,9","0,4","E","1300","189","2457","100"
"335,9","0,5","E","1300","189","2457","100"
"335,9","0,6","E","1300","189","2457","100"
"335,9","0,7","E","1300","189","2457","100"
"335,9","0,8","E","1300","189","2457","100"
"335,9","0,9","E","1300","189","2457","100"
"337,2","0,0","P","1300","125","1625","100"
"337,2","0,1","P","1300","125","1625","100"
"337,2","0,10","E","1300","190","2470","100"
"337,2","0,11","E","1300","190","2470","100"
"337,2","0,2","P","1300","126","1638","100"
"337,2","0,3","P","1300","126","1638","100"
"337,2","0,4","E","1300","190","2470","100"
"337,2","0,5","E","1300","190","2470","100"
"337,2","0,6","E","1300","190","2470","100"
"337,2","0,7","E","1300","190","2470","100"
"337,2","0,8","E","1300","190","2470","100"
"337,2","0,9","E","1300","190","2470","100"
"338,5","0,0","P","1300","126","1638","100"
"338,5","0,1","P","1300","126","1638","100"
"338,5","0,10","E","1300","191","2483","100"
"338,5","0,11","E","1300","191","2483","100"
"338,5","0,2","P","1300","126","1638","100"
"338,5","0,3","P","1300","126","1638","100"
"338,5","0,4","E","1300","191","2483","100"
"338,5","0,5","E","1300","191","2483","100"
"338,5","0,6","E","1300","191","2483","100"
"338,5","0,7","E","1300","191","2483","100"
"338,5","0,8","E","1300","191","2483","100"
"338,5","0,9","E","1300","191","2483","100"
"339,8","0,0","P","1300","130","1690","100"
"339,8","0,1","P","1300","130","1690","100"
"339,8","0,10","E","1300","197","2561","100"
"339,8","0,11","E","1300","197","2561","100"
"339,8","0,2","P","1300","130","1690","100"
"339,8","0,3","P","1300","130","1690","100"
"339,8","0,4","E","1300","197","2561","100"
"339,8","0,5","E","1300","197","2561","100"
"339,8","0,6","E","1300","197","2561","100"
"339,8","0,7","E","1300","197","2561","100"
"339,8","0,8","E","1300","197","2561","100"
"339,8","0,9","E","1300","197","2561","100"
"341","0,0","P","1300","125","1625","100"
"341","0,1","P","1300","125","1625","100"
"341","0,10","E","1300","190","2470","100"
"341","0,11","E","1300","190","2470","100"
"341","0,2","P","1300","125","1625","100"
"341","0,3","P","1300","125","1625","100"
"341","0,4","E","1300","189","2457","100"
"341","0,5","E","1300","189","2457","100"
"341","0,6","E","1300","189","2457","100"
"341","0,7","E","1300","189","2457","100"
"341","0,8","E","1300","190","2470","100"
"341","0,9","E","1300","190","2470","100"
"342,3","0,0","P","1300","126","1638","100"
"342,3","0,1","P","1300","126","1638","100"
"342,3","0,10","E","1300","191","2483","100"
"342,3","0,11","E","1300","191","2483","100"
"342,3","0,2","P","1300","126","1638","100"
"342,3","0,3","P","1300","126","1638","100"
"342,3","0,4","E","1300","190","2470","100"
"342,3","0,5","E","1300","190","2470","100"
"342,3","0,6","E","1300","190","2470","100"
"342,3","0,7","E","1300","190","2470","100"
"342,3","0,8","E","1300","191","2483","100"
"342,3","0,9","E","1300","191","2483","100"
"343,6","0,0","P","1300","128","1664","100"
"343,6","0,1","P","1300","128","1664","100"
"343,6","0,10","E","1300","195","2535","100"
"343,6","0,11","E","1300","195","2535","100"
"343,6","0,2","P","1300","128","1664","100"
"343,6","0,3","P","1300","128","1664","100"
"343,6","0,4","E","1300","194","2522","100"
"343,6","0,5","E","1300","194","2522","100"
"343,6","0,6","E","1300","194","2522","100"
"343,6","0,7","E","1300","194","2522","100"
"343,6","0,8","E","1300","195","2535","100"
"343,6","0,9","E","1300","195","2535","100"
"344,9","0,0","P","1300","129","1677","100"
"344,9","0,1","P","1300","129","1677","100"
"344,9","0,10","E","1300","196","2548","100"
"344,9","0,11","E","1300","196","2548","100"
"344,9","0,2","P","1300","129","1677","100"
"344,9","0,3","P","1300","129","1677","100"
"344,9","0,4","E","1300","195","2535","100"
"344,9","0,5","E","1300","195","2535","100"
"344,9","0,6","E","1300","195","2535","100"
"344,9","0,7","E","1300","195","2535","100"
"344,9","0,8","E","1300","196","2548","100"
"344,9","0,9","E","1300","196","2548","100"
"346,2","0,0","P","1300","139","1807","100"
"346,2","0,1","P","1300","139","1807","100"
"346,2","0,10","E","1300","211","2743","100"
"346,2","0,11","E","1300","211","2743","100"
"346,2","0,2","P","1300","139","1807","100"
"346,2","0,3","P","1300","139","1807","100"
"346,2","0,4","E","1300","211","2743","100"
"346,2","0,5","E","1300","211","2743","100"
"346,2","0,6","E","1300","211","2743","100"
"346,2","0,7","E","1300","211","2743","100"
"346,2","0,8","E","1300","211","2743","100"
"346,2","0,9","E","1300","211","2743","100"
"347,4","0,0","P","1300","131","1703","100"
"347,4","0,1","P","1300","131","1703","100"
"347,4","0,10","E","1300","211","2743","100"
"347,4","0,11","E","1300","211","2743","100"
"347,4","0,2","P","1300","131","1703","100"
"347,4","0,3","P","1300","131","1703","100"
"347,4","0,4","E","1300","208","2704","100"
"347,4","0,5","E","1300","208","2704","100"
"347,4","0,6","E","1300","208","2704","100"
"347,4","0,7","E","1300","208","2704","100"
"347,4","0,8","E","1300","211","2743","100"
"347,4","0,9","E","1300","211","2743","100"
"348,7","0,0","P","1300","131","1703","100"
"348,7","0,1","P","1300","131","1703","100"
"348,7","0,10","E","1300","209","2717","100"
"348,7","0,11","E","1300","209","2717","100"
"348,7","0,2","P","1300","131","1703","100"
"348,7","0,3","P","1300","131","1703","100"
"348,7","0,4","E","1300","203","2639","100"
"348,7","0,5","E","1300","203","2639","100"
"348,7","0,6","E","1300","203","2639","100"
"348,7","0,7","E","1300","203","2639","100"
"348,7","0,8","E","1300","209","2717","100"
"348,7","0,9","E","1300","209","2717","100"
"349,9","0,0","P","1300","131","1703","100"
"349,9","0,1","P","1300","131","1703","100"
"349,9","0,10","E","1300","200","2600","100"
"349,9","0,11","E","1300","200","2600","100"
"349,9","0,2","P","1300","131","1703","100"
"349,9","0,3","P","1300","131","1703","100"
"349,9","0,4","E","1300","199","2587","100"
"349,9","0,5","E","1300","199","2587","100"
"349,9","0,6","E","1300","199","2587","100"
"349,9","0,7","E","1300","199","2587","100"
"349,9","0,8","E","1300","200","2600","100"
"349,9","0,9","E","1300","200","2600","100"
"351,3","0,0","P","1300","186","2418","100"
"351,3","0,1","P","1300","186","2418","100"
"351,3","0,10","E","1300","259","3367","94"
"351,3","0,11","E","1300","259","3367","100"
"351,3","0,2","P","1300","187","2431","94"
"351,3","0,3","P","1300","186","2418","100"
"351,3","0,4","E","1300","255","3315","94"
"351,3","0,5","E","1300","255","3315","100"
"351,3","0,6","E","1300","255","3315","94"
"351,3","0,7","E","1300","255","3315","100"
"351,3","0,8","E","1300","259","3367","94"
"351,3","0,9","E","1300","259","3367","100"
"352,5","0,0","P","1300","182","2366","24"
"352,5","0,1","P","1300","201","2613","53"
"352,5","0,10","E","1300","217","2821","30"
"352,5","0,11","E","1300","211","2743","30"
"352,5","0,2","P","1300","205","2665","65"
"352,5","0,3","P","1300","180","2340","59"
"352,5","0,4","E","1300","199","2587","47"
"352,5","0,5","E","1300","234","3042","18"
"352,5","0,6","E","1300","240","3120","59"
"352,5","0,7","E","1300","242","3146","53"
"352,5","0,8","E","1300","242","3146","65"
"352,5","0,9","E","1300","221","2873","41"
